Workbook

Sheet Leia-me
A1: Relatório de SKUs – nova codificação de produtos
A2: Para revisão da área técnica · base: cadastro do sistema em 14/10/2026 · nenhuma alteração foi feita no sistema
A4: Resumo por família e status
A5: Família | B5: Total | C5: Conforme | D5: Proposto | E5: Pendente
A6: PF – Produto final (gelato/picolé) | B6: =COUNTIF(SKUs!$A$5:$A$327,"PF") -> 74 | C6: =COUNTIFS(SKUs!$A$5:$A$327,"PF",SKUs!$N$5:$N$327,"Conforme") -> 1 | D6: =COUNTIFS(SKUs!$A$5:$A$327,"PF",SKUs!$N$5:$N$327,"Proposto") -> 47 | E6: =COUNTIFS(SKUs!$A$5:$A$327,"PF",SKUs!$N$5:$N$327,"Pendente") -> 26
A7: MP – Matéria-prima | B7: =COUNTIF(SKUs!$A$5:$A$327,"MP") -> 174 | C7: =COUNTIFS(SKUs!$A$5:$A$327,"MP",SKUs!$N$5:$N$327,"Conforme") -> 26 | D7: =COUNTIFS(SKUs!$A$5:$A$327,"MP",SKUs!$N$5:$N$327,"Proposto") -> 147 | E7: =COUNTIFS(SKUs!$A$5:$A$327,"MP",SKUs!$N$5:$N$327,"Pendente") -> 1
A8: EM – Embalagem | B8: =COUNTIF(SKUs!$A$5:$A$327,"EM") -> 43 | C8: =COUNTIFS(SKUs!$A$5:$A$327,"EM",SKUs!$N$5:$N$327,"Conforme") -> 0 | D8: =COUNTIFS(SKUs!$A$5:$A$327,"EM",SKUs!$N$5:$N$327,"Proposto") -> 43 | E8: =COUNTIFS(SKUs!$A$5:$A$327,"EM",SKUs!$N$5:$N$327,"Pendente") -> 0
A9: Sem família no modelo | B9: =COUNTIF(SKUs!$A$5:$A$327,"—") -> 32 | C9: =COUNTIFS(SKUs!$A$5:$A$327,"—",SKUs!$N$5:$N$327,"Conforme") -> 0 | D9: =COUNTIFS(SKUs!$A$5:$A$327,"—",SKUs!$N$5:$N$327,"Proposto") -> 0 | E9: =COUNTIFS(SKUs!$A$5:$A$327,"—",SKUs!$N$5:$N$327,"Pendente") -> 32
A10: Total | B10: =SUM(B6:B9) -> 323 | C10: =SUM(C6:C9) -> 27 | D10: =SUM(D6:D9) -> 237 | E10: =SUM(E6:E9) -> 59
A11: SKUs duplicados (devem ser resolvidos) | B11: =COUNTIF(SKUs!$O$5:$O$327,"DUPLICADO") -> 4
A13: Formato do SKU
A14: PF (gelato/picolé): Tipo(2) + Sabor(3) + Tamanho(2) + Linha(2) ex.: GL10136TR = Gelato · 101 Chocolate Belga · Pote 360 g · Tradicional
A15: MP (matéria-prima): Tipo(2) + Categoria(2) + Descrição(3) + Armazenamento(2) ex.: MPLT100RF = Leite integral refrigerado
A16: EM (embalagem): Tipo(2) + Categoria(2) + Descrição(3) + Complemento(2, opcional) ex.: EMPR400 = Palito
A18: Como ler o Status
A19: Conforme: todos os blocos vêm das tabelas do modelo, da lista de frutas ou de exemplo explícito do modelo.
A20: Proposto: algum código foi criado ou assumido nesta análise (sabor novo, categoria nova, tamanho novo, embalagem assumida). Ver coluna "Blocos propostos / assumidos".
A21: Pendente: faltam informações para definir o SKU (ex.: gramatura do picolé) ou não há regra no modelo (ex.: itens de limpeza e escritório).
A23: Premissas gerais
A24: 1. O armazenamento (SC/RF/CG/AC) de todas as matérias-primas foi inferido pelo tipo de produto, porque o sistema não registra essa informação; mesmo os MPs "Conforme" precisam dessa validação.
A25: 2. Códigos novos seguem a sequência da faixa de cada categoria/classe, em ordem alfabética (ou na ordem do cadastro atual para MP), preservando os exemplos fixados pelos modelos.
A26: 3. Gelatos cadastrados a granel foram assumidos como caixa de 6 kg (C1).
... A34: Alertas de cadastro – duplicidades e problemas no cadastro atual.

Sheet SKUs
A1: SKUs propostos para todos os produtos cadastrados no sistema
A2: Posição do cadastro em 14/10/2026 (somente leitura; nenhuma alteração feita no sistema). SKU = Bloco 1 & Bloco 2 & Bloco 3 & Bloco 4, conforme modelos de 23/09/2026. Status: Conforme = só códigos do modelo/lista de frutas · Proposto = ao menos um código criado/assumido nesta análise · Pendente = sem SKU definitivo.
A4: Família | B4: Cadastro de origem | C4: Código atual | D4: Produto atual | E4: Un. atual | F4: Estoque atual | G4: Bloco 1 (Tipo) | H4: Bloco 2 (PF: Sabor · MP/EM: Categoria) | I4: Bloco 3 (PF: Tamanho · MP/EM: Descrição) | J4: Bloco 4 (PF: Linha · MP: Armazen. · EM: Compl.) | K4: SKU NOVO | L4: Nome padronizado | M4: Leitura dos blocos | N4: Status | O4: Unicidade | P4: Blocos propostos / assumidos | Q4: Observações para revisão | R4: Decisão da área técnica
A5: PF | B5: Produto Acabado | C5: PF-00010 | D5: Banoffee | F5: 0 | G5: GL | H5: 102 | I5: C1 | J5: TR | K5: =IF(OR(G5="",H5="",I5=""),"",G5&H5&I5&J5) -> GL102C1TR | L5: Gelato Banoffee - Caixa 6 kg - Tradicional | M5: GL = Gelato | 102 = Ao Leite – Banoffee | C1 = Caixa 6 kg | TR = Tradicional | N5: Proposto | O5: =IF(K5="","",IF(COUNTIF($K$5:$K$327,K5)>1,"DUPLICADO","Único")) -> Único | P5: B2 (código de sabor novo); B3 (embalagem C1 assumida – item cadastrado a granel) | Q5: Unidade cadastrada "vazia" diverge do padrão Kg dos demais gelatos.
A6: PF | B6: Produto Acabado | C6: PF-00011 | D6: Chocolate Intenso | E6: Kg | F6: 233 | G6: GL | H6: 106 | I6: C1 | J6: TR | K6: =IF(OR(G6="",H6="",I6=""),"",G6&H6&I6&J6) -> GL106C1TR | L6: Gelato Chocolate Intenso - Caixa 6 kg - Tradicional | M6: GL = Gelato | 106 = Ao Leite – Chocolate Intenso | C1 = Caixa 6 kg | TR = Tradicional | N6: Proposto | O6: =IF(K6="","",IF(COUNTIF($K$5:$K$327,K6)>1,"DUPLICADO","Único")) -> Único | P6: B2 (código de sabor novo); B3 (embalagem C1 assumida – item cadastrado a granel)
A7: PF | B7: Produto Acabado | C7: PF-00012 | D7: Chocolate Branco | E7: Kg | F7: 0 | G7: GL | H7: 103 | I7: C1 | J7: TR | K7: =IF(OR(G7="",H7="",I7=""),"",G7&H7&I7&J7) -> GL103C1TR | L7: Gelato Chocolate Branco - Caixa 6 kg - Tradicional | M7: GL = Gelato | 103 = Ao Leite – Chocolate Branco | C1 = Caixa 6 kg | TR = Tradicional | N7: Proposto | O7: =IF(K7="","",IF(COUNTIF($K$5:$K$327,K7)>1,"DUPLICADO","Único")) -> Único | P7: B2 (código de sabor novo); B3 (embalagem C1 assumida – item cadastrado a granel)
A8: PF | B8: Produto Acabado | C8: PF-00013 | D8: Chocolate Dubai | E8: Kg | F8: 125 | G8: GL | H8: 105 | I8: C1 | J8: TR | K8: =IF(OR(G8="",H8="",I8=""),"",G8&H8&I8&J8) -> GL105C1TR | L8: Gelato Chocolate Dubai - Caixa 6 kg - Tradicional | M8: GL = Gelato | 105 = Ao Leite – Chocolate Dubai | C1 = Caixa 6 kg | TR = Tradicional | N8: Proposto | O8: =IF(K8="","",IF(COUNTIF($K$5:$K$327,K8)>1,"DUPLICADO","Único")) -> Único | P8: B2 (código de sabor novo); B3 (embalagem C1 assumida – item cadastrado a granel)
A9: PF | B9: Produto Acabado | C9: PF-00014 | D9: Coco Branco | E9: Kg | F9: 51 | G9: GL | H9: 107 | I9: C1 | J9: TR | K9: =IF(OR(G9="",H9="",I9=""),"",G9&H9&I9&J9) -> GL107C1TR | L9: Gelato Coco Branco - Caixa 6 kg - Tradicional | M9: GL = Gelato | 107 = Ao Leite – Coco Branco | C1 = Caixa 6 kg | TR = Tradicional | N9: Proposto | O9: =IF(K9="","",IF(COUNTIF($K$5:$K$327,K9)>1,"DUPLICADO","Único")) -> Único | P9: B2 (código de sabor novo); B3 (embalagem C1 assumida – item cadastrado a granel)
A10: PF | B10: Produto Acabado | C10: PF-00015 | D10: Doce de leite | E10: Kg | F10: 185 | G10: GL | H10: 110 | I10: C1 | J10: TR | K10: =IF(OR(G10="",H10="",I10=""),"",G10&H10&I10&J10) -> GL110C1TR | L10: Gelato Doce de Leite - Caixa 6 kg - Tradicional | M10: GL = Gelato | 110 = Ao Leite – Doce de Leite | C1 = Caixa 6 kg | TR = Tradicional | N10: Proposto | O10: =IF(K10="","",IF(COUNTIF($K$5:$K$327,K10)>1,"DUPLICADO","Único")) -> Único | P10: B2 (código de sabor novo); B3 (embalagem C1 assumida – item cadastrado a granel)
A11: PF | B11: Produto Acabado | C11: PF-00016 | D11: Floresta Negra | E11: Kg | F11: 0 | G11: GL | H11: 111 | I11: C1 | J11: TR | K11: =IF(OR(G11="",H11="",I11=""),"",G11&H11&I11&J11) -> GL111C1TR | L11: Gelato Floresta Negra - Caixa 6 kg - Tradicional | M11: GL = Gelato | 111 = Ao Leite – Floresta Negra | C1 = Caixa 6 kg | TR = Tradicional | N11: Proposto | O11: =IF(K11="","",IF(COUNTIF($K$5:$K$327,K11)>1,"DUPLICADO","Único")) -> Único | P11: B2 (código de sabor novo); B3 (embalagem C1 assumida – item cadastrado a granel)
A12: PF | B12: Produto Acabado | C12: PF-00017 | D12: Sorbet Frutas Vermelhas | E12: Kg | F12: 71 | G12: GL | H12: 201 | I12: C1 | J12: TR | K12: =IF(OR(G12="",H12="",I12=""),"",G12&H12&I12&J12) -> GL201C1TR | L12: Gelato Sorbet Frutas Vermelhas - Caixa 6 kg - Tradicional | M12: GL = Gelato | 201 = Sorbet – Frutas Vermelhas | C1 = Caixa 6 kg | TR = Tradicional | N12: Proposto | O12: =IF(K12="","",IF(COUNTIF($K$5:$K$327,K12)>1,"DUPLICADO","Único")) -> DUPLICADO | P12: B2 (código de sabor novo); B3 (embalagem C1 assumida – item cadastrado a granel) | Q12: Possível duplicidade com PF-00082 (mesmo sabor/embalagem → mesmo SKU).
A13: PF | B13: Produto Acabado | C13: PF-00018 | D13: Limão | F13: 0 | G13: GL | H13: 203 | I13: C1 | J13: TR | K13: =IF(OR(G13="",H13="",I13=""),"",G13&H13&I13&J13) -> GL203C1TR | L13: Gelato Sorbet Limão - Caixa 6 kg - Tradicional | M13: GL = Gelato | 203 = Sorbet – Limão | C1 = Caixa 6 kg | TR = Tradicional | N13: Proposto | O13: =IF(K13="","",IF(COUNTIF($K$5:$K$327,K13)>1,"DUPLICADO","Único")) -> Único | P13: B2 (código de sabor novo); B3 (embalagem C1 assumida – item cadastrado a granel) | Q13: Unidade cadastrada "vazia" diverge do padrão Kg dos demais gelatos. Classificado como sorbet pela OP "Sorbet Limão".
A14: PF | B14: Produto Acabado | C14: PF-00019 | D14: Sorbet Manga | E14: Kg | F14: 0 | G14: GL | H14: 200 | I14: C1 | J14: TR | K14: =IF(OR(G14="",H14="",I14=""),"",G14&H14&I14&J14) -> GL200C1TR | L14: Gelato Sorbet Manga - Caixa 6 kg - Tradicional | M14: GL = Gelato | 200 = Sorbet – Manga | C1 = Caixa 6 kg | TR = Tradicional | N14: Proposto | O14: =IF(K14="","",IF(COUNTIF($K$5:$K$327,K14)>1,"DUPLICADO","Único")) -> DUPLICADO | P14: B3 (embalagem C1 assumida – item cadastrado a granel) | Q14: Possível duplicidade com PF-00081 (mesmo sabor/embalagem → mesmo SKU). Sabor 200 é exemplo "a confirmar" no modelo.
A15: PF | B15: Produto Acabado | C15: PF-00020 | D15: Sorbet Morango | E15: Kg | F15: 38 | G15: GL | H15: 206 | I15: C1 | J15: TR | K15: =IF(OR(G15="",H15="",I15=""),"",G15&H15&I15&J15) -> GL206C1TR | L15: Gelato Sorbet Morango - Caixa 6 kg - Tradicional | M15: GL = Gelato | 206 = Sorbet – Morango | C1 = Caixa 6 kg | TR = Tradicional | N15: Proposto | O15: =IF(K15="","",IF(COUNTIF($K$5:$K$327,K15)>1,"DUPLICADO","Único")) -> Único | P15: B2 (código de sabor novo); B3 (embalagem C1 assumida – item cadastrado a granel)
A16: PF | B16: Produto Acabado | C16: PF-00021 | D16: Nocciola Crocante | E16: Kg | F16: 0 | G16: GL | H16: 118 | I16: C1 | J16: TR | K16: =IF(OR(G16="",H16="",I16=""),"",G16&H16&I16&J16) -> GL118C1TR | L16: Gelato Nocciola Crocante - Caixa 6 kg - Tradicional | M16: GL = Gelato | 118 = Ao Leite – Nocciola Crocante | C1 = Caixa 6 kg | TR = Tradicional | N16: Proposto | O16: =IF(K16="","",IF(COUNTIF($K$5:$K$327,K16)>1,"DUPLICADO","Único")) -> Único | P16: B2 (código de sabor novo); B3 (embalagem C1 assumida – item cadastrado a granel)
A17: PF | B17: Produto Acabado | C17: PF-00022 | D17: Pavlova | E17: Kg | F17: 114 | G17: GL | H17: 120 | I17: C1 | J17: TR | K17: =IF(OR(G17="",H17="",I17=""),"",G17&H17&I17&J17) -> GL120C1TR | L17: Gelato Pavlova - Caixa 6 kg - Tradicional | M17: GL = Gelato | 120 = Ao Leite – Pavlova | C1 = Caixa 6 kg | TR = Tradicional | N17: Proposto | O17: =IF(K17="","",IF(COUNTIF($K$5:$K$327,K17)>1,"DUPLICADO","Único")) -> Único | P17: B2 (código de sabor novo); B3 (embalagem C1 assumida – item cadastrado a granel)
A18: PF | B18: Produto Acabado | C18: PF-00023 | D18: Pistache | E18: Kg | F18: 251 | G18: GL | H18: 121 | I18: C1 | J18: TR | K18: =IF(OR(G18="",H18="",I18=""),"",G18&H18&I18&J18) -> GL121C1TR | L18: Gelato Pistache - Caixa 6 kg - Tradicional | M18: GL = Gelato | 121 = Ao Leite – Pistache | C1 = Caixa 6 kg | TR = Tradicional | N18: Proposto | O18: =IF(K18="","",IF(COUNTIF($K$5:$K$327,K18)>1,"DUPLICADO","Único")) -> Único | P18: B2 (código de sabor novo); B3 (embalagem C1 assumida – item cadastrado a granel)
A19: PF | B19: Produto Acabado | C19: PF-00024 | D19: Rosso Nero | E19: Kg | F19: 38 | G19: GL | H19: 122 | I19: C1 | J19: TR | K19: =IF(OR(G19="",H19="",I19=""),"",G19&H19&I19&J19) -> GL122C1TR | L19: Gelato Rosso Nero - Caixa 6 kg - Tradicional | M19: GL = Gelato | 122 = Ao Leite – Rosso Nero | C1 = Caixa 6 kg | TR = Tradicional | N19: Proposto | O19: =IF(K19="","",IF(COUNTIF($K$5:$K$327,K19)>1,"DUPLICADO","Único")) -> Único | P19: B2 (código de sabor novo); B3 (embalagem C1 assumida – item cadastrado a granel)
A20: PF | B20: Produto Acabado | C20: PF-00025 | D20: Snichelato | E20: Kg | F20: 0 | G20: GL | H20: 123 | I20: C1 | J20: TR | K20: =IF(OR(G20="",H20="",I20=""),"",G20&H20&I20&J20) -> GL123C1TR | L20: Gelato Snichelato - Caixa 6 kg - Tradicional | M20: GL = Gelato | 123 = Ao Leite – Snichelato | C1 = Caixa 6 kg | TR = Tradicional | N20: Proposto | O20: =IF(K20="","",IF(COUNTIF($K$5:$K$327,K20)>1,"DUPLICADO","Único")) -> Único | P20: B2 (código de sabor novo); B3 (embalagem C1 assumida – item cadastrado a granel)
A21: PF | B21: Produto Acabado | C21: PF-00026 | D21: Speculoos | E21: Kg | F21: 83 | G21: GL | H21: 124 | I21: C1 | J21: TR | K21: =IF(OR(G21="",H21="",I21=""),"",G21&H21&I21&J21) -> GL124C1TR | L21: Gelato Speculoos - Caixa 6 kg - Tradicional | M21: GL = Gelato | 124 = Ao Leite – Speculoos | C1 = Caixa 6 kg | TR = Tradicional | N21: Proposto | O21: =IF(K21="","",IF(COUNTIF($K$5:$K$327,K21)>1,"DUPLICADO","Único")) -> Único | P21: B2 (código de sabor novo); B3 (embalagem C1 assumida – item cadastrado a granel)
A22: PF | B22: Produto Acabado | C22: PF-00027 | D22: Tiramisù | E22: Kg | F22: 26 | G22: GL | H22: 126 | I22: C1 | J22: TR | K22: =IF(OR(G22="",H22="",I22=""),"",G22&H22&I22&J22) -> GL126C1TR | L22: Gelato Tiramisù - Caixa 6 kg - Tradicional | M22: GL = Gelato | 126 = Ao Leite – Tiramisù | C1 = Caixa 6 kg | TR = Tradicional | N22: Proposto | O22: =IF(K22="","",IF(COUNTIF($K$5:$K$327,K22)>1,"DUPLICADO","Único")) -> Único | P22: B2 (código de sabor novo); B3 (embalagem C1 assumida – item cadastrado a granel)
A23: PF | B23: Produto Acabado | C23: PF-00028 | D23: Torta de Limão | E23: Cx | F23: 0 | G23: GL | H23: 127 | I23: C1 | J23: TR | K23: =IF(OR(G23="",H23="",I23=""),"",G23&H23&I23&J23) -> GL127C1TR | L23: Gelato Torta de Limão - Caixa 6 kg - Tradicional | M23: GL = Gelato | 127 = Ao Leite – Torta de Limão | C1 = Caixa 6 kg | TR = Tradicional | N23: Proposto | O23: =IF(K23="","",IF(COUNTIF($K$5:$K$327,K23)>1,"DUPLICADO","Único")) -> Único | P23: B2 (código de sabor novo); B3 (embalagem C1 assumida – item cadastrado a granel) | Q23: Unidade cadastrada "Cx" diverge do padrão Kg dos demais gelatos.
A24: PF | B24: Produto Acabado | C24: PF-00029 | D24: Yogurt com Amarena | E24: Kg | F24: 65 | G24: GL | H24: 128 | I24: C1 | J24: TR | K24: =IF(OR(G24="",H24="",I24=""),"",G24&H24&I24&J24) -> GL128C1TR | L24: Gelato Yogurt com Amarena - Caixa 6 kg - Tradicional | M24: GL = Gelato | 128 = Ao Leite – Yogurt com Amarena | C1 = Caixa 6 kg | TR = Tradicional | N24: Proposto | O24: =IF(K24="","",IF(COUNTIF($K$5:$K$327,K24)>1,"DUPLICADO","Único")) -> Único | P24: B2 (código de sabor novo); B3 (embalagem C1 assumida – item cadastrado a granel)
A25: PF | B25: Produto Acabado | C25: PF-00030 | D25: Gianduia | E25: Cx | F25: 100 | G25: GL | H25: 113 | I25: C1 | J25: TR | K25: =IF(OR(G25="",H25="",I25=""),"",G25&H25&I25&J25) -> GL113C1TR | L25: Gelato Gianduia - Caixa 6 kg - Tradicional | M25: GL = Gelato | 113 = Ao Leite – Gianduia | C1 = Caixa 6 kg | TR = Tradicional | N25: Proposto | O25: =IF(K25="","",IF(COUNTIF($K$5:$K$327,K25)>1,"DUPLICADO","Único")) -> Único | P25: B2 (código de sabor novo); B3 (embalagem C1 assumida – item cadastrado a granel) | Q25: Unidade cadastrada "Cx" diverge do padrão Kg dos demais gelatos.
A26: PF | B26: Produto Acabado | C26: PF-00031 | D26: Picolé Yeez s/ Lactose Limão | E26: Un | F26: 23 | G26: PC | H26: 207 | I26: XX | J26: TR | K26: =IF(OR(G26="",H26="",I26=""),"",G26&H26&I26&J26) -> PC207XXTR | L26: Picolé Limão - A definir - Tradicional | M26: PC = Picolé | 207 = Base Frutas – Limão | XX = gramatura/embalagem a definir | TR = Tradicional | N26: Pendente | O26: =IF(K26="","",IF(COUNTIF($K$5:$K$327,K26)>1,"DUPLICADO","Único")) -> Único | P26: B3 (gramatura/embalagem não identificável no cadastro); B2 (código de sabor novo) | Q26: Cadastro não informa gramatura; ver aba Matriz Picolé (55/60/70/90 ou C2). Marca (YEEZ) não faz parte do SKU: mesmo sabor Luna gera código idêntico.
A27: PF | B27: Produto Acabado | C27: PF-00032 | D27: Picolé Yeez s/ Lactose Uva | F27: 0 | G27: PC | H27: 203 | I27: XX | J27: TR | K27: =IF(OR(G27="",H27="",I27=""),"",G27&H27&I27&J27) -> PC203XXTR | L27: Picolé Uva - A definir - Tradicional | M27: PC = Picolé | 203 = Base Frutas – Uva | XX = gramatura/embalagem a definir | TR = Tradicional | N27: Pendente | O27: =IF(K27="","",IF(COUNTIF($K$5:$K$327,K27)>1,"DUPLICADO","Único")) -> Único | P27: B3 (gramatura/embalagem não identificável no cadastro) | Q27: Cadastro não informa gramatura; ver aba Matriz Picolé (55/60/70/90 ou C2). Marca (YEEZ) não faz parte do SKU: mesmo sabor Luna gera código idêntico.
A28: PF | B28: Produto Acabado | C28: PF-00033 | D28: Picolé Yeez s/ Lactose Abacaxi c/ Hortelã | E28: Un | F28: 31 | G28: PC | H28: 204 | I28: XX | J28: TR | K28: =IF(OR(G28="",H28="",I28=""),"",G28&H28&I28&J28) -> PC204XXTR | L28: Picolé Abacaxi c/ Hortelã - A definir - Tradicional | M28: PC = Picolé | 204 = Base Frutas – Abacaxi c/ Hortelã | XX = gramatura/embalagem a definir | TR = Tradicional | N28: Pendente | O28: =IF(K28="","",IF(COUNTIF($K$5:$K$327,K28)>1,"DUPLICADO","Único")) -> Único | P28: B3 (gramatura/embalagem não identificável no cadastro); B2 (código de sabor novo) | Q28: Cadastro não informa gramatura; ver aba Matriz Picolé (55/60/70/90 ou C2). Marca (YEEZ) não faz parte do SKU: mesmo sabor Luna gera código idêntico.
A29: PF | B29: Produto Acabado | C29: PF-00034 | D29: Picolé Yeez s/ Lactose Manga | E29: Un | F29: 0 | G29: PC | H29: 200 | I29: XX | J29: TR | K29: =IF(OR(G29="",H29="",I29=""),"",G29&H29&I29&J29) -> PC200XXTR | L29: Picolé Manga - A definir - Tradicional | M29: PC = Picolé | 200 = Base Frutas – Manga | XX = gramatura/embalagem a definir | TR = Tradicional | N29: Pendente | O29: =IF(K29="","",IF(COUNTIF($K$5:$K$327,K29)>1,"DUPLICADO","Único")) -> Único | P29: B3 (gramatura/embalagem não identificável no cadastro) | Q29: Cadastro não informa gramatura; ver aba Matriz Picolé (55/60/70/90 ou C2). Marca (YEEZ) não faz parte do SKU: mesmo sabor Luna gera código idêntico.
A30: PF | B30: Produto Acabado | C30: PF-00035 | D30: Picolé Yeez s/ Lactose Goiaba | E30: Un | F30: 12 | G30: PC | H30: 206 | I30: XX | J30: TR | K30: =IF(OR(G30="",H30="",I30=""),"",G30&H30&I30&J30) -> PC206XXTR | L30: Picolé Goiaba - A definir - Tradicional | M30: PC = Picolé | 206 = Base Frutas – Goiaba | XX = gramatura/embalagem a definir | TR = Tradicional | N30: Pendente | O30: =IF(K30="","",IF(COUNTIF($K$5:$K$327,K30)>1,"DUPLICADO","Único")) -> Único | P30: B3 (gramatura/embalagem não identificável no cadastro); B2 (código de sabor novo) | Q30: Cadastro não informa gramatura; ver aba Matriz Picolé (55/60/70/90 ou C2). Marca (YEEZ) não faz parte do SKU: mesmo sabor Luna gera código idêntico.
A31: PF | B31: Produto Acabado | C31: PF-00036 | D31: Picolé Yeez s/ Lactose Morango | E31: CX | F31: 0 | G31: PC | H31: 201 | I31: XX | J31: TR | K31: =IF(OR(G31="",H31="",I31=""),"",G31&H31&I31&J31) -> PC201XXTR | L31: Picolé Morango - A definir - Tradicional | M31: PC = Picolé | 201 = Base Frutas – Morango | XX = gramatura/embalagem a definir | TR = Tradicional | N31: Pendente | O31: =IF(K31="","",IF(COUNTIF($K$5:$K$327,K31)>1,"DUPLICADO","Único")) -> Único | P31: B3 (gramatura/embalagem não identificável no cadastro) | Q31: Cadastro não informa gramatura; ver aba Matriz Picolé (55/60/70/90 ou C2). Marca (YEEZ) não faz parte do SKU: mesmo sabor Luna gera código idêntico.
A32: PF | B32: Produto Acabado | C32: PF-00037 | D32: Picolé Yeez s/ Lactose Açaí | E32: Un | F32: 6 | G32: PC | H32: 205 | I32: XX | J32: TR | K32: =IF(OR(G32="",H32="",I32=""),"",G32&H32&I32&J32) -> PC205XXTR | L32: Picolé Açaí - A definir - Tradicional | M32: PC = Picolé | 205 = Base Frutas – Açaí | XX = gramatura/embalagem a definir | TR = Tradicional | N32: Pendente | O32: =IF(K32="","",IF(COUNTIF($K$5:$K$327,K32)>1,"DUPLICADO","Único")) -> Único | P32: B3 (gramatura/embalagem não identificável no cadastro); B2 (código de sabor novo) | Q32: Cadastro não informa gramatura; ver aba Matriz Picolé (55/60/70/90 ou C2). Marca (YEEZ) não faz parte do SKU: mesmo sabor Luna gera código idêntico.
A33: PF | B33: Produto Acabado | C33: PF-00038 | D33: Picolé Yeez s/ Lactose Melancia c/ Frutas | F33: 0 | G33: PC | H33: 301 | I33: XX | J33: TR | K33: =IF(OR(G33="",H33="",I33=""),"",G33&H33&I33&J33) -> PC301XXTR | L33: Picolé Melancia c/ Frutas - A definir - Tradicional | M33: PC = Picolé | 301 = Pedaços de Frutas – Melancia c/ Frutas | XX = gramatura/embalagem a definir | TR = Tradicional | N33: Pendente | O33: =IF(K33="","",IF(COUNTIF($K$5:$K$327,K33)>1,"DUPLICADO","Único")) -> Único | P33: B3 (gramatura/embalagem não identificável no cadastro); B2 (código de sabor novo); B2 (classe a validar) | Q33: Cadastro não informa gramatura; ver aba Matriz Picolé (55/60/70/90 ou C2). Marca (YEEZ) não faz parte do SKU: mesmo sabor Luna gera código idêntico.
A34: PF | B34: Produto Acabado | C34: PF-00039 | D34: Picolé Yeez Leite ChocoYeez | E34: Un | F34: 73 | G34: PC | H34: 105 | I34: XX | J34: TR | K34: =IF(OR(G34="",H34="",I34=""),"",G34&H34&I34&J34) -> PC105XXTR | L34: Picolé ChocoYeez - A definir - Tradicional | M34: PC = Picolé | 105 = Ao Leite – ChocoYeez | XX = gramatura/embalagem a definir | TR = Tradicional | N34: Pendente | O34: =IF(K34="","",IF(COUNTIF($K$5:$K$327,K34)>1,"DUPLICADO","Único")) -> Único | P34: B3 (gramatura/embalagem não identificável no cadastro); B2 (código de sabor novo) | Q34: Cadastro não informa gramatura; ver aba Matriz Picolé (55/60/70/90 ou C2). Marca (YEEZ) não faz parte do SKU: mesmo sabor Luna gera código idêntico.
A35: PF | B35: Produto Acabado | C35: PF-00040 | D35: Picolé Yeez Leite Coco Branco | E35: Un | F35: 13 | G35: PC | H35: 100 | I35: XX | J35: TR | K35: =IF(OR(G35="",H35="",I35=""),"",G35&H35&I35&J35) -> PC100XXTR | L35: Picolé Coco Branco - A definir - Tradicional | M35: PC = Picolé | 100 = Ao Leite – Coco Branco | XX = gramatura/embalagem a definir | TR = Tradicional | N35: Pendente | O35: =IF(K35="","",IF(COUNTIF($K$5:$K$327,K35)>1,"DUPLICADO","Único")) -> Único | P35: B3 (gramatura/embalagem não identificável no cadastro) | Q35: Cadastro não informa gramatura; ver aba Matriz Picolé (55/60/70/90 ou C2). Marca (YEEZ) não faz parte do SKU: mesmo sabor Luna gera código idêntico.
A36: PF | B36: Produto Acabado | C36: PF-00041 | D36: Picolé Yeez Leite Coco Queimado | E36: Un | F36: 19 | G36: PC | H36: 101 | I36: XX | J36: TR | K36: =IF(OR(G36="",H36="",I36=""),"",G36&H36&I36&J36) -> PC101XXTR | L36: Picolé Coco Queimado - A definir - Tradicional | M36: PC = Picolé | 101 = Ao Leite – Coco Queimado | XX = gramatura/embalagem a definir | TR = Tradicional | N36: Pendente | O36: =IF(K36="","",IF(COUNTIF($K$5:$K$327,K36)>1,"DUPLICADO","Único")) -> Único | P36: B3 (gramatura/embalagem não identificável no cadastro) | Q36: Cadastro não informa gramatura; ver aba Matriz Picolé (55/60/70/90 ou C2). Marca (YEEZ) não faz parte do SKU: mesmo sabor Luna gera código idêntico.
A37: PF | B37: Produto Acabado | C37: PF-00042 | D37: Picolé Yeez Leite Mousse de Maracujá | E37: Un | F37: 0 | G37: PC | H37: 404 | I37: XX | J37: TR | K37: =IF(OR(G37="",H37="",I37=""),"",G37&H37&I37&J37) -> PC404XXTR | L37: Picolé Mousse de Maracujá - A definir - Tradicional | M37: PC = Picolé | 404 = Recheados – Mousse de Maracujá | XX = gramatura/embalagem a definir | TR = Tradicional | N37: Pendente | O37: =IF(K37="","",IF(COUNTIF($K$5:$K$327,K37)>1,"DUPLICADO","Único")) -> Único | P37: B3 (gramatura/embalagem não identificável no cadastro) | Q37: Cadastro não informa gramatura; ver aba Matriz Picolé (55/60/70/90 ou C2). Marca (YEEZ) não faz parte do SKU: mesmo sabor Luna gera código idêntico. Sabor 404 do modelo (Recheados), embora o cadastro Yeez o classifique como "Leite".
A38: PF | B38: Produto Acabado | C38: PF-00043 | D38: Picolé Yeez Leite Romeu e Julieta | E38: Un | F38: 3 | G38: PC | H38: 407 | I38: XX | J38: TR | K38: =IF(OR(G38="",H38="",I38=""),"",G38&H38&I38&J38) -> PC407XXTR | L38: Picolé Romeu e Julieta - A definir - Tradicional | M38: PC = Picolé | 407 = Recheados – Romeu e Julieta | XX = gramatura/embalagem a definir | TR = Tradicional | N38: Pendente | O38: =IF(K38="","",IF(COUNTIF($K$5:$K$327,K38)>1,"DUPLICADO","Único")) -> Único | P38: B3 (gramatura/embalagem não identificável no cadastro); B2 (código de sabor novo); B2 (classe a validar) | Q38: Cadastro não informa gramatura; ver aba Matriz Picolé (55/60/70/90 ou C2). Marca (YEEZ) não faz parte do SKU: mesmo sabor Luna gera código idêntico.
A39: PF | B39: Produto Acabado | C39: PF-00044 | D39: Picolé Passione Yeez ChocoBrownie | E39: Un | F39: 22 | G39: PC | H39: 400 | I39: XX | J39: TR | K39: =IF(OR(G39="",H39="",I39=""),"",G39&H39&I39&J39) -> PC400XXTR | L39: Picolé ChocoBrownie - A definir - Tradicional | M39: PC = Picolé | 400 = Recheados – ChocoBrownie | XX = gramatura/embalagem a definir | TR = Tradicional | N39: Pendente | O39: =IF(K39="","",IF(COUNTIF($K$5:$K$327,K39)>1,"DUPLICADO","Único")) -> Único | P39: B3 (gramatura/embalagem não identificável no cadastro) | Q39: Cadastro não informa gramatura; ver aba Matriz Picolé (55/60/70/90 ou C2). Marca (YEEZ) não faz parte do SKU: mesmo sabor Luna gera código idêntico.
A40: PF | B40: Produto Acabado | C40: PF-00045 | D40: Picolé Passione Yeez Doce de Leite | E40: Un | F40: 48 | G40: PC | H40: 401 | I40: XX | J40: TR | K40: =IF(OR(G40="",H40="",I40=""),"",G40&H40&I40&J40) -> PC401XXTR | L40: Picolé Doce de Leite - A definir - Tradicional | M40: PC = Picolé | 401 = Recheados – Doce de Leite | XX = gramatura/embalagem a definir | TR = Tradicional | N40: Pendente | O40: =IF(K40="","",IF(COUNTIF($K$5:$K$327,K40)>1,"DUPLICADO","Único")) -> Único | P40: B3 (gramatura/embalagem não identificável no cadastro) | Q40: Cadastro não informa gramatura; ver aba Matriz Picolé (55/60/70/90 ou C2). Marca (YEEZ) não faz parte do SKU: mesmo sabor Luna gera código idêntico.
A41: PF | B41: Produto Acabado | C41: PF-00046 | D41: Picolé Passione Yeez Maracujá c/ Leite Condensado | E41: CX | F41: 0 | G41: PC | H41: 106 | I41: XX | J41: TR | K41: =IF(OR(G41="",H41="",I41=""),"",G41&H41&I41&J41) -> PC106XXTR | L41: Picolé Maracujá c/ Leite Condensado - A definir - Tradicional | M41: PC = Picolé | 106 = Ao Leite – Maracujá c/ Leite Condensado | XX = gramatura/embalagem a definir | TR = Tradicional | N41: Pendente | O41: =IF(K41="","",IF(COUNTIF($K$5:$K$327,K41)>1,"DUPLICADO","Único")) -> Único | P41: B3 (gramatura/embalagem não identificável no cadastro); B2 (código de sabor novo); B2 (classe a validar) | Q41: Cadastro não informa gramatura; ver aba Matriz Picolé (55/60/70/90 ou C2). Marca (YEEZ) não faz parte do SKU: mesmo sabor Luna gera código idêntico.
A42: PF | B42: Produto Acabado | C42: PF-00047 | D42: Picolé Passione Yeez Água de Coco c/ Frutas | E42: Un | F42: 22 | G42: PC | H42: 300 | I42: XX | J42: TR | K42: =IF(OR(G42="",H42="",I42=""),"",G42&H42&I42&J42) -> PC300XXTR | L42: Picolé Água de Coco c/ Frutas - A definir - Tradicional | M42: PC = Picolé | 300 = Pedaços de Frutas – Água de Coco c/ Frutas | XX = gramatura/embalagem a definir | TR = Tradicional | N42: Pendente | O42: =IF(K42="","",IF(COUNTIF($K$5:$K$327,K42)>1,"DUPLICADO","Único")) -> Único | P42: B3 (gramatura/embalagem não identificável no cadastro) | Q42: Cadastro não informa gramatura; ver aba Matriz Picolé (55/60/70/90 ou C2). Marca (YEEZ) não faz parte do SKU: mesmo sabor Luna gera código idêntico.
A43: PF | B43: Produto Acabado | C43: PF-00048 | D43: Picolé Passione Yeez Morango c/ Leite Condensado | E43: Un | F43: 0 | G43: PC | H43: 107 | I43: XX | J43: TR | K43: =IF(OR(G43="",H43="",I43=""),"",G43&H43&I43&J43) -> PC107XXTR | L43: Picolé Morango c/ Leite Condensado - A definir - Tradicional | M43: PC = Picolé | 107 = Ao Leite – Morango c/ Leite Condensado | XX = gramatura/embalagem a definir | TR = Tradicional | N43: Pendente | O43: =IF(K43="","",IF(COUNTIF($K$5:$K$327,K43)>1,"DUPLICADO","Único")) -> Único | P43: B3 (gramatura/embalagem não identificável no cadastro); B2 (código de sabor novo); B2 (classe a validar) | Q43: Cadastro não informa gramatura; ver aba Matriz Picolé (55/60/70/90 ou C2). Marca (YEEZ) não faz parte do SKU: mesmo sabor Luna gera código idêntico.
A44: PF | B44: Produto Acabado | C44: PF-00049 | D44: Picolé Passione Yeez Leite Trufado | E44: Un | F44: 47 | G44: PC | H44: 402 | I44: XX | J44: TR | K44: =IF(OR(G44="",H44="",I44=""),"",G44&H44&I44&J44) -> PC402XXTR | L44: Picolé Leite Trufado - A definir - Tradicional | M44: PC = Picolé | 402 = Recheados – Leite Trufado | XX = gramatura/embalagem a definir | TR = Tradicional | N44: Pendente | O44: =IF(K44="","",IF(COUNTIF($K$5:$K$327,K44)>1,"DUPLICADO","Único")) -> Único | P44: B3 (gramatura/embalagem não identificável no cadastro) | Q44: Cadastro não informa gramatura; ver aba Matriz Picolé (55/60/70/90 ou C2). Marca (YEEZ) não faz parte do SKU: mesmo sabor Luna gera código idêntico.
A45: PF | B45: Produto Acabado | C45: PF-00050 | D45: Picolé Passione Plus Yeez Brigadeiro | E45: Un | F45: 38 | G45: PC | H45: 406 | I45: XX | J45: TR | K45: =IF(OR(G45="",H45="",I45=""),"",G45&H45&I45&J45) -> PC406XXTR | L45: Picolé Brigadeiro - A definir - Tradicional | M45: PC = Picolé | 406 = Recheados – Brigadeiro | XX = gramatura/embalagem a definir | TR = Tradicional | N45: Pendente | O45: =IF(K45="","",IF(COUNTIF($K$5:$K$327,K45)>1,"DUPLICADO","Único")) -> Único | P45: B3 (gramatura/embalagem não identificável no cadastro); B2 (código de sabor novo); B2 (classe a validar) | Q45: Cadastro não informa gramatura; ver aba Matriz Picolé (55/60/70/90 ou C2). "Passione Plus" sem linha equivalente no modelo (possível CB/RC citado no simulador). Marca (YEEZ) não faz parte do SKU: mesmo sabor Luna gera código idêntico.
... A49: PF | B49: Produto Acabado | C49: PF-00054 | D49: Picolé Chocolate Zero | E49: Cx | F49: 1 | G49: PC | H49: 104 | I49: XX | J49: ZR | K49: =IF(OR(G49="",H49="",I49=""),"",G49&H49&I49&J49) -> PC104XXZR | L49: Picolé Chocolate Zero - A definir - Zero Açúcar | M49: PC = Picolé | 104 = Ao Leite – Chocolate Zero | XX = gramatura/embalagem a definir | ZR = Zero Açúcar | N49: Pendente | O49: =IF(K49="","",IF(COUNTIF($K$5:$K$327,K49)>1,"DUPLICADO","Único")) -> Único | P49: B3 (gramatura/embalagem não identificável no cadastro); B2 (código de sabor novo); B2 (classe a validar); B4 (ZR inferido pelo nome) | Q49: Cadastro não informa gramatura; ver aba Matriz Picolé (55/60/70/90 ou C2). Marca (YEEZ) não faz parte do SKU: mesmo sabor Luna gera código idêntico.
A50: PF | B50: Produto Acabado | C50: PF-00055 | D50: Petit Gateau | E50: Un | F50: -704 | K50: =IF(OR(G50="",H50="",I50=""),"",G50&H50&I50&J50) | N50: Pendente | O50: =IF(K50="","",IF(COUNTIF($K$5:$K$327,K50)>1,"DUPLICADO","Único")) | P50: — | Q50: Categoria Confeitaria sem Tipo no modelo (apenas GL e PC). Definir tipo/regra.
A51: PF | B51: Produto Acabado | C51: PF-00056 | D51: Massa de Casquinha | E51: Un | F51: -63 | K51: =IF(OR(G51="",H51="",I51=""),"",G51&H51&I51&J51) | N51: Pendente | O51: =IF(K51="","",IF(COUNTIF($K$5:$K$327,K51)>1,"DUPLICADO","Único")) | P51: — | Q51: Categoria Confeitaria sem Tipo no modelo (apenas GL e PC). Definir tipo/regra.
A52: PF | B52: Produto Acabado | C52: PF-00057 | D52: Chocolate 240g | E52: unid | F52: 0 | G52: GL | H52: 101 | I52: 24 | J52: TR | K52: =IF(OR(G52="",H52="",I52=""),"",G52&H52&I52&J52) -> GL10124TR | L52: Gelato Chocolate Belga - Pote de 240 g - Tradicional | M52: GL = Gelato | 101 = Ao Leite – Chocolate Belga | 24 = Pote de 240 g | TR = Tradicional | N52: Proposto | O52: =IF(K52="","",IF(COUNTIF($K$5:$K$327,K52)>1,"DUPLICADO","Único")) -> Único | P52: B3 (tamanho 24 não existe no modelo) | Q52: Premissa: pote "Chocolate" = Chocolate Belga (embalagem "belga"); confirmar vs. Chocolate Intenso. Pote de 240 g existe no cadastro mas não no modelo (só 12 e 36).
A53: PF | B53: Produto Acabado | C53: PF-00058 | D53: Chocolate 360g | F53: 81 | G53: GL | H53: 101 | I53: 36 | J53: TR | K53: =IF(OR(G53="",H53="",I53=""),"",G53&H53&I53&J53) -> GL10136TR | L53: Gelato Chocolate Belga - Pote de 360 g - Tradicional | M53: GL = Gelato | 101 = Ao Leite – Chocolate Belga | 36 = Pote de 360 g | TR = Tradicional | N53: Conforme | O53: =IF(K53="","",IF(COUNTIF($K$5:$K$327,K53)>1,"DUPLICADO","Único")) -> Único | Q53: Premissa: pote "Chocolate" = Chocolate Belga (embalagem "belga"); confirmar vs. Chocolate Intenso.
A54: PF | B54: Produto Acabado | C54: PF-00059 | D54: Coco 240g | E54: unid | F54: 0 | G54: GL | H54: 107 | I54: 24 | J54: TR | K54: =IF(OR(G54="",H54="",I54=""),"",G54&H54&I54&J54) -> GL10724TR | L54: Gelato Coco Branco - Pote de 240 g - Tradicional | M54: GL = Gelato | 107 = Ao Leite – Coco Branco | 24 = Pote de 240 g | TR = Tradicional | N54: Proposto | O54: =IF(K54="","",IF(COUNTIF($K$5:$K$327,K54)>1,"DUPLICADO","Único")) -> Único | P54: B2 (código de sabor novo); B3 (tamanho 24 não existe no modelo) | Q54: Premissa: pote "Coco" = Coco Branco. Pote de 240 g existe no cadastro mas não no modelo (só 12 e 36).
A55: PF | B55: Produto Acabado | C55: PF-00060 | D55: Coco 360g | F55: 4 | G55: GL | H55: 107 | I55: 36 | J55: TR | K55: =IF(OR(G55="",H55="",I55=""),"",G55&H55&I55&J55) -> GL10736TR | L55: Gelato Coco Branco - Pote de 360 g - Tradicional | M55: GL = Gelato | 107 = Ao Leite – Coco Branco | 36 = Pote de 360 g | TR = Tradicional | N55: Proposto | O55: =IF(K55="","",IF(COUNTIF($K$5:$K$327,K55)>1,"DUPLICADO","Único")) -> Único | P55: B2 (código de sabor novo) | Q55: Premissa: pote "Coco" = Coco Branco.
A56: PF | B56: Produto Acabado | C56: PF-00061 | D56: Doce de Leite 240g | E56: unid | F56: 0 | G56: GL | H56: 110 | I56: 24 | J56: TR | K56: =IF(OR(G56="",H56="",I56=""),"",G56&H56&I56&J56) -> GL11024TR | L56: Gelato Doce de Leite - Pote de 240 g - Tradicional | M56: GL = Gelato | 110 = Ao Leite – Doce de Leite | 24 = Pote de 240 g | TR = Tradicional | N56: Proposto | O56: =IF(K56="","",IF(COUNTIF($K$5:$K$327,K56)>1,"DUPLICADO","Único")) -> Único | P56: B2 (código de sabor novo); B3 (tamanho 24 não existe no modelo) | Q56: Pote de 240 g existe no cadastro mas não no modelo (só 12 e 36).
A57: PF | B57: Produto Acabado | C57: PF-00062 | D57: Doce de Leite 360g | F57: 2 | G57: GL | H57: 110 | I57: 36 | J57: TR | K57: =IF(OR(G57="",H57="",I57=""),"",G57&H57&I57&J57) -> GL11036TR | L57: Gelato Doce de Leite - Pote de 360 g - Tradicional | M57: GL = Gelato | 110 = Ao Leite – Doce de Leite | 36 = Pote de 360 g | TR = Tradicional | N57: Proposto | O57: =IF(K57="","",IF(COUNTIF($K$5:$K$327,K57)>1,"DUPLICADO","Único")) -> Único | P57: B2 (código de sabor novo)
A58: PF | B58: Produto Acabado | C58: PF-00063 | D58: Morango 240g | E58: unid | F58: 0 | G58: GL | H58: 109 | I58: 24 | J58: TR | K58: =IF(OR(G58="",H58="",I58=""),"",G58&H58&I58&J58) -> GL10924TR | L58: Gelato Creme de Morango - Pote de 240 g - Tradicional | M58: GL = Gelato | 109 = Ao Leite – Creme de Morango | 24 = Pote de 240 g | TR = Tradicional | N58: Proposto | O58: =IF(K58="","",IF(COUNTIF($K$5:$K$327,K58)>1,"DUPLICADO","Único")) -> Único | P58: B2 (código de sabor novo); B3 (tamanho 24 não existe no modelo) | Q58: Premissa: pote "Morango" = Creme de Morango (ao leite); confirmar vs. Sorbet Morango. Pote de 240 g existe no cadastro mas não no modelo (só 12 e 36).
A59: PF | B59: Produto Acabado | C59: PF-00064 | D59: Morango 360g | F59: 11 | G59: GL | H59: 109 | I59: 36 | J59: TR | K59: =IF(OR(G59="",H59="",I59=""),"",G59&H59&I59&J59) -> GL10936TR | L59: Gelato Creme de Morango - Pote de 360 g - Tradicional | M59: GL = Gelato | 109 = Ao Leite – Creme de Morango | 36 = Pote de 360 g | TR = Tradicional | N59: Proposto | O59: =IF(K59="","",IF(COUNTIF($K$5:$K$327,K59)>1,"DUPLICADO","Único")) -> Único | P59: B2 (código de sabor novo) | Q59: Premissa: pote "Morango" = Creme de Morango (ao leite); confirmar vs. Sorbet Morango.
A60: PF | B60: Produto Acabado | C60: PF-00065 | D60: Pistache 240g | E60: unid | F60: 0 | G60: GL | H60: 121 | I60: 24 | J60: TR | K60: =IF(OR(G60="",H60="",I60=""),"",G60&H60&I60&J60) -> GL12124TR | L60: Gelato Pistache - Pote de 240 g - Tradicional | M60: GL = Gelato | 121 = Ao Leite – Pistache | 24 = Pote de 240 g | TR = Tradicional | N60: Proposto | O60: =IF(K60="","",IF(COUNTIF($K$5:$K$327,K60)>1,"DUPLICADO","Único")) -> Único | P60: B2 (código de sabor novo); B3 (tamanho 24 não existe no modelo) | Q60: Pote de 240 g existe no cadastro mas não no modelo (só 12 e 36).
A61: PF | B61: Produto Acabado | C61: PF-00066 | D61: Pistache 360g | F61: 57 | G61: GL | H61: 121 | I61: 36 | J61: TR | K61: =IF(OR(G61="",H61="",I61=""),"",G61&H61&I61&J61) -> GL12136TR | L61: Gelato Pistache - Pote de 360 g - Tradicional | M61: GL = Gelato | 121 = Ao Leite – Pistache | 36 = Pote de 360 g | TR = Tradicional | N61: Proposto | O61: =IF(K61="","",IF(COUNTIF($K$5:$K$327,K61)>1,"DUPLICADO","Único")) -> Único | P61: B2 (código de sabor novo)
A62: PF | B62: Produto Acabado | C62: PF-00067 | D62: Coco Queimado | E62: kg | F62: 0 | G62: GL | H62: 108 | I62: C1 | J62: TR | K62: =IF(OR(G62="",H62="",I62=""),"",G62&H62&I62&J62) -> GL108C1TR | L62: Gelato Coco Queimado - Caixa 6 kg - Tradicional | M62: GL = Gelato | 108 = Ao Leite – Coco Queimado | C1 = Caixa 6 kg | TR = Tradicional | N62: Proposto | O62: =IF(K62="","",IF(COUNTIF($K$5:$K$327,K62)>1,"DUPLICADO","Único")) -> Único | P62: B2 (código de sabor novo); B3 (embalagem C1 assumida – item cadastrado a granel)
A63: PF | B63: Produto Acabado | C63: PF-00068 | D63: Grape Fruit | E63: kg | F63: 0 | G63: GL | H63: 202 | I63: C1 | J63: TR | K63: =IF(OR(G63="",H63="",I63=""),"",G63&H63&I63&J63) -> GL202C1TR | L63: Gelato Sorbet Grape Fruit - Caixa 6 kg - Tradicional | M63: GL = Gelato | 202 = Sorbet – Grape Fruit | C1 = Caixa 6 kg | TR = Tradicional | N63: Proposto | O63: =IF(K63="","",IF(COUNTIF($K$5:$K$327,K63)>1,"DUPLICADO","Único")) -> Único | P63: B2 (código de sabor novo); B3 (embalagem C1 assumida – item cadastrado a granel)
A64: PF | B64: Produto Acabado | C64: PF-00069 | D64: Leite Trufado | E64: Kg | F64: 41 | G64: GL | H64: 114 | I64: C1 | J64: TR | K64: =IF(OR(G64="",H64="",I64=""),"",G64&H64&I64&J64) -> GL114C1TR | L64: Gelato Leite Trufado - Caixa 6 kg - Tradicional | M64: GL = Gelato | 114 = Ao Leite – Leite Trufado | C1 = Caixa 6 kg | TR = Tradicional | N64: Proposto | O64: =IF(K64="","",IF(COUNTIF($K$5:$K$327,K64)>1,"DUPLICADO","Único")) -> Único | P64: B2 (código de sabor novo); B3 (embalagem C1 assumida – item cadastrado a granel)
A65: PF | B65: Produto Acabado | C65: PF-00070 | D65: Manga com Maracujá Zero | E65: kg | F65: 0 | G65: GL | H65: 204 | I65: C1 | J65: ZR | K65: =IF(OR(G65="",H65="",I65=""),"",G65&H65&I65&J65) -> GL204C1ZR | L65: Gelato Sorbet Manga com Maracujá Zero - Caixa 6 kg - Zero Açúcar | M65: GL = Gelato | 204 = Sorbet – Manga com Maracujá Zero | C1 = Caixa 6 kg | ZR = Zero Açúcar | N65: Proposto | O65: =IF(K65="","",IF(COUNTIF($K$5:$K$327,K65)>1,"DUPLICADO","Único")) -> Único | P65: B2 (código de sabor novo); B4 (ZR inferido pelo nome); B3 (embalagem C1 assumida – item cadastrado a granel)
A66: PF | B66: Produto Acabado | C66: PF-00071 | D66: Mousse de Pistache com laranja | E66: kg | F66: 0 | G66: GL | H66: 117 | I66: C1 | J66: TR | K66: =IF(OR(G66="",H66="",I66=""),"",G66&H66&I66&J66) -> GL117C1TR | L66: Gelato Mousse de Pistache com Laranja - Caixa 6 kg - Tradicional | M66: GL = Gelato | 117 = Ao Leite – Mousse de Pistache com Laranja | C1 = Caixa 6 kg | TR = Tradicional | N66: Proposto | O66: =IF(K66="","",IF(COUNTIF($K$5:$K$327,K66)>1,"DUPLICADO","Único")) -> Único | P66: B2 (código de sabor novo); B3 (embalagem C1 assumida – item cadastrado a granel)
A67: PF | B67: Produto Acabado | C67: PF-00072 | D67: Paçoca | E67: Kg | F67: 0 | G67: GL | H67: 119 | I67: C1 | J67: TR | K67: =IF(OR(G67="",H67="",I67=""),"",G67&H67&I67&J67) -> GL119C1TR | L67: Gelato Paçoca - Caixa 6 kg - Tradicional | M67: GL = Gelato | 119 = Ao Leite – Paçoca | C1 = Caixa 6 kg | TR = Tradicional | N67: Proposto | O67: =IF(K67="","",IF(COUNTIF($K$5:$K$327,K67)>1,"DUPLICADO","Único")) -> Único | P67: B2 (código de sabor novo); B3 (embalagem C1 assumida – item cadastrado a granel)
A68: PF | B68: Produto Acabado | C68: PF-00073 | D68: Stracciatella | E68: kg | F68: 0 | G68: GL | H68: 125 | I68: C1 | J68: TR | K68: =IF(OR(G68="",H68="",I68=""),"",G68&H68&I68&J68) -> GL125C1TR | L68: Gelato Stracciatella - Caixa 6 kg - Tradicional | M68: GL = Gelato | 125 = Ao Leite – Stracciatella | C1 = Caixa 6 kg | TR = Tradicional | N68: Proposto | O68: =IF(K68="","",IF(COUNTIF($K$5:$K$327,K68)>1,"DUPLICADO","Único")) -> Único | P68: B2 (código de sabor novo); B3 (embalagem C1 assumida – item cadastrado a granel)
A69: PF | B69: Produto Acabado | C69: PF-00074 | D69: Gelato de Café | E69: kg | F69: 0 | G69: GL | H69: 112 | I69: C1 | J69: TR | K69: =IF(OR(G69="",H69="",I69=""),"",G69&H69&I69&J69) -> GL112C1TR | L69: Gelato Gelato de Café - Caixa 6 kg - Tradicional | M69: GL = Gelato | 112 = Ao Leite – Gelato de Café | C1 = Caixa 6 kg | TR = Tradicional | N69: Proposto | O69: =IF(K69="","",IF(COUNTIF($K$5:$K$327,K69)>1,"DUPLICADO","Único")) -> Único | P69: B2 (código de sabor novo); B3 (embalagem C1 assumida – item cadastrado a granel)
A70: PF | B70: Produto Acabado | C70: PF-00075 | D70: Sorbet Maracujá | E70: kg | F70: 0 | G70: GL | H70: 205 | I70: C1 | J70: TR | K70: =IF(OR(G70="",H70="",I70=""),"",G70&H70&I70&J70) -> GL205C1TR | L70: Gelato Sorbet Maracujá - Caixa 6 kg - Tradicional | M70: GL = Gelato | 205 = Sorbet – Maracujá | C1 = Caixa 6 kg | TR = Tradicional | N70: Proposto | O70: =IF(K70="","",IF(COUNTIF($K$5:$K$327,K70)>1,"DUPLICADO","Único")) -> Único | P70: B2 (código de sabor novo); B3 (embalagem C1 assumida – item cadastrado a granel)
A71: PF | B71: Produto Acabado | C71: PF-00076 | D71: Creme de Morango | E71: kg | F71: 0 | G71: GL | H71: 109 | I71: C1 | J71: TR | K71: =IF(OR(G71="",H71="",I71=""),"",G71&H71&I71&J71) -> GL109C1TR | L71: Gelato Creme de Morango - Caixa 6 kg - Tradicional | M71: GL = Gelato | 109 = Ao Leite – Creme de Morango | C1 = Caixa 6 kg | TR = Tradicional | N71: Proposto | O71: =IF(K71="","",IF(COUNTIF($K$5:$K$327,K71)>1,"DUPLICADO","Único")) -> Único | P71: B2 (código de sabor novo); B3 (embalagem C1 assumida – item cadastrado a granel)
A72: PF | B72: Produto Acabado | C72: PF-00077 | D72: Sorbet Zeríssimo | E72: Un | F72: 1 | G72: GL | H72: 207 | I72: C1 | J72: ZR | K72: =IF(OR(G72="",H72="",I72=""),"",G72&H72&I72&J72) -> GL207C1ZR | L72: Gelato Sorbet Zeríssimo - Caixa 6 kg - Zero Açúcar | M72: GL = Gelato | 207 = Sorbet – Zeríssimo | C1 = Caixa 6 kg | ZR = Zero Açúcar | N72: Proposto | O72: =IF(K72="","",IF(COUNTIF($K$5:$K$327,K72)>1,"DUPLICADO","Único")) -> Único | P72: B2 (código de sabor novo); B4 (ZR inferido pelo nome); B3 (embalagem C1 assumida – item cadastrado a granel) | Q72: Unidade cadastrada "Un" diverge do padrão Kg dos demais gelatos.
A73: PF | B73: Produto Acabado | C73: PF-00078 | D73: Mousse de Maracuja | E73: Kg | F73: 1 | G73: GL | H73: 116 | I73: C1 | J73: TR | K73: =IF(OR(G73="",H73="",I73=""),"",G73&H73&I73&J73) -> GL116C1TR | L73: Gelato Mousse de Maracujá - Caixa 6 kg - Tradicional | M73: GL = Gelato | 116 = Ao Leite – Mousse de Maracujá | C1 = Caixa 6 kg | TR = Tradicional | N73: Proposto | O73: =IF(K73="","",IF(COUNTIF($K$5:$K$327,K73)>1,"DUPLICADO","Único")) -> Único | P73: B2 (código de sabor novo); B3 (embalagem C1 assumida – item cadastrado a granel)
A74: PF | B74: Produto Acabado | C74: PF-00079 | D74: Mocca | E74: Un | F74: 23 | G74: GL | H74: 115 | I74: C1 | J74: TR | K74: =IF(OR(G74="",H74="",I74=""),"",G74&H74&I74&J74) -> GL115C1TR | L74: Gelato Mocca - Caixa 6 kg - Tradicional | M74: GL = Gelato | 115 = Ao Leite – Mocca | C1 = Caixa 6 kg | TR = Tradicional | N74: Proposto | O74: =IF(K74="","",IF(COUNTIF($K$5:$K$327,K74)>1,"DUPLICADO","Único")) -> Único | P74: B2 (código de sabor novo); B3 (embalagem C1 assumida – item cadastrado a granel) | Q74: Unidade cadastrada "Un" diverge do padrão Kg dos demais gelatos.
A75: PF | B75: Produto Acabado | C75: PF-00080 | D75: Yogurt com Jabuticaba | E75: Cx | F75: 7 | G75: GL | H75: 129 | I75: C1 | J75: TR | K75: =IF(OR(G75="",H75="",I75=""),"",G75&H75&I75&J75) -> GL129C1TR | L75: Gelato Yogurt com Jabuticaba - Caixa 6 kg - Tradicional | M75: GL = Gelato | 129 = Ao Leite – Yogurt com Jabuticaba | C1 = Caixa 6 kg | TR = Tradicional | N75: Proposto | O75: =IF(K75="","",IF(COUNTIF($K$5:$K$327,K75)>1,"DUPLICADO","Único")) -> Único | P75: B2 (código de sabor novo); B3 (embalagem C1 assumida – item cadastrado a granel) | Q75: Unidade cadastrada "Cx" diverge do padrão Kg dos demais gelatos.
A76: PF | B76: Produto Acabado | C76: PF-00081 | D76: Sorbet Manga | E76: kg | F76: 0 | G76: GL | H76: 200 | I76: C1 | J76: TR | K76: =IF(OR(G76="",H76="",I76=""),"",G76&H76&I76&J76) -> GL200C1TR | L76: Gelato Sorbet Manga - Caixa 6 kg - Tradicional | M76: GL = Gelato | 200 = Sorbet – Manga | C1 = Caixa 6 kg | TR = Tradicional | N76: Proposto | O76: =IF(K76="","",IF(COUNTIF($K$5:$K$327,K76)>1,"DUPLICADO","Único")) -> DUPLICADO | P76: B3 (embalagem C1 assumida – item cadastrado a granel) | Q76: Duplicado de PF-00019 (sem vínculo com precificação). Sabor 200 é exemplo "a confirmar" no modelo.
A77: PF | B77: Produto Acabado | C77: PF-00082 | D77: Sorbet Frutas Vermelhas | E77: kg | F77: 0 | G77: GL | H77: 201 | I77: C1 | J77: TR | K77: =IF(OR(G77="",H77="",I77=""),"",G77&H77&I77&J77) -> GL201C1TR | L77: Gelato Sorbet Frutas Vermelhas - Caixa 6 kg - Tradicional | M77: GL = Gelato | 201 = Sorbet – Frutas Vermelhas | C1 = Caixa 6 kg | TR = Tradicional | N77: Proposto | O77: =IF(K77="","",IF(COUNTIF($K$5:$K$327,K77)>1,"DUPLICADO","Único")) -> DUPLICADO | P77: B2 (código de sabor novo); B3 (embalagem C1 assumida – item cadastrado a granel) | Q77: Duplicado de PF-00017 (sem vínculo com precificação).
A78: PF | B78: Produto Acabado | C78: PF-00083 | D78: Chocolate Crocante - Proteico 150ml | E78: unid | F78: 0 | G78: GL | H78: 104 | I78: 15 | J78: PT | K78: =IF(OR(G78="",H78="",I78=""),"",G78&H78&I78&J78) -> GL10415PT | L78: Gelato Chocolate Crocante - Pote de 150 (g/ml) - Proteico | M78: GL = Gelato | 104 = Ao Leite – Chocolate Crocante | 15 = Pote de 150 (g/ml) | PT = Proteico | N78: Proposto | O78: =IF(K78="","",IF(COUNTIF($K$5:$K$327,K78)>1,"DUPLICADO","Único")) -> Único | P78: B2 (código de sabor novo); B3 (tamanho 15 não existe no modelo); B4 (PT inferido pelo nome) | Q78: Modelo prevê pote 120 g (12); OP usa 150 g; cadastro indica 150 ml. Código 15 proposto. Linha PT inferida pelo nome "Proteico".
A79: MP | B79: Matéria-Prima | C79: MP-00001 | D79: Abacaxi | E79: Kg | F79: 40 | G79: MP | H79: FR | I79: 201 | J79: AC | K79: =IF(OR(G79="",H79="",I79=""),"",G79&H79&I79&J79) -> MPFR201AC | L79: Abacaxi – Hortifruti | M79: MP = Matéria-Prima | FR = FRUTA | 201 = Abacaxi (lista de frutas) | AC = Hortifruti | N79: Conforme | O79: =IF(K79="","",IF(COUNTIF($K$5:$K$327,K79)>1,"DUPLICADO","Único")) -> Único | P79: B4 (armazenamento inferido)
A80: MP | B80: Matéria-Prima | C80: MP-00002 | D80: Polpa de Açaí Congelado | E80: Kg | F80: 10 | G80: MP | H80: FR | I80: 202 | J80: CG | K80: =IF(OR(G80="",H80="",I80=""),"",G80&H80&I80&J80) -> MPFR202CG | L80: Polpa de Açaí Congelado – Congelado | M80: MP = Matéria-Prima | FR = FRUTA | 202 = Açaí (lista de frutas) | CG = Congelado | N80: Conforme | O80: =IF(K80="","",IF(COUNTIF($K$5:$K$327,K80)>1,"DUPLICADO","Único")) -> Único | P80: B4 (armazenamento inferido)
A81: MP | B81: Matéria-Prima | C81: MP-00003 | D81: Açúcar refinado | E81: Kg | F81: 37 | G81: MP | H81: BA | I81: 301 | J81: SC | K81: =IF(OR(G81="",H81="",I81=""),"",G81&H81&I81&J81) -> MPBA301SC | L81: Açúcar refinado – Seco | M81: MP = Matéria-Prima | BA = BASE | 301 = Açúcar refinado | SC = Seco | N81: Proposto | O81: =IF(K81="","",IF(COUNTIF($K$5:$K$327,K81)>1,"DUPLICADO","Único")) -> Único | P81: B3 (código novo); B4 (armazenamento inferido)
A82: MP | B82: Matéria-Prima | C82: MP-00004 | D82: Amendoim Torrado e Granulado sem Sal | E82: Kg | F82: 14 | G82: MP | H82: AC | I82: 401 | J82: SC | K82: =IF(OR(G82="",H82="",I82=""),"",G82&H82&I82&J82) -> MPAC401SC | L82: Amendoim Torrado e Granulado sem Sal – Seco | M82: MP = Matéria-Prima | AC = ACABAMENTO | 401 = Amendoim Torrado e Granulado sem Sal | SC = Seco | N82: Proposto | O82: =IF(K82="","",IF(COUNTIF($K$5:$K$327,K82)>1,"DUPLICADO","Único")) -> Único | P82: B3 (código novo); B4 (armazenamento inferido)
A83: MP | B83: Matéria-Prima | C83: MP-00005 | D83: Amora congelada | E83: Kg | F83: 72 | G83: MP | H83: FR | I83: 276 | J83: CG | K83: =IF(OR(G83="",H83="",I83=""),"",G83&H83&I83&J83) -> MPFR276CG | L83: Amora congelada – Congelado | M83: MP = Matéria-Prima | FR = FRUTA | 276 = Amora congelada | CG = Congelado | N83: Proposto | O83: =IF(K83="","",IF(COUNTIF($K$5:$K$327,K83)>1,"DUPLICADO","Único")) -> Único | P83: B3 (código novo); B4 (armazenamento inferido) | Q83: Fruta fora da lista A–Z (amora); código novo (276+).
A84: MP | B84: Matéria-Prima | C84: MP-00006 | D84: Aroma de Guaraná | E84: Kg | F84: 30.4 | G84: MP | H84: AD | I84: 700 | J84: SC | K84: =IF(OR(G84="",H84="",I84=""),"",G84&H84&I84&J84) -> MPAD700SC | L84: Aroma de Guaraná – Seco | M84: MP = Matéria-Prima | AD = ADITIVOS, AROMAS E AUXILIARES DE PROCESSO | 700 = Aroma de Guaraná | SC = Seco | N84: Proposto | O84: =IF(K84="","",IF(COUNTIF($K$5:$K$327,K84)>1,"DUPLICADO","Único")) -> Único | P84: B2 (categoria nova); B3 (código novo); B4 (armazenamento inferido)
A85: MP | B85: Matéria-Prima | C85: MP-00007 | D85: Base creme | E85: Kg | F85: 4.5 | G85: MP | H85: BA | I85: 302 | J85: SC | K85: =IF(OR(G85="",H85="",I85=""),"",G85&H85&I85&J85) -> MPBA302SC | L85: Base creme – Seco | M85: MP = Matéria-Prima | BA = BASE | 302 = Base creme | SC = Seco | N85: Proposto | O85: =IF(K85="","",IF(COUNTIF($K$5:$K$327,K85)>1,"DUPLICADO","Único")) -> Único | P85: B3 (código novo); B4 (armazenamento inferido)
A86: MP | B86: Matéria-Prima | C86: MP-00008 | D86: Base frutta | E86: Kg | F86: 5.25 | G86: MP | H86: BA | I86: 303 | J86: SC | K86: =IF(OR(G86="",H86="",I86=""),"",G86&H86&I86&J86) -> MPBA303SC | L86: Base frutta – Seco | M86: MP = Matéria-Prima | BA = BASE | 303 = Base frutta | SC = Seco | N86: Proposto | O86: =IF(K86="","",IF(COUNTIF($K$5:$K$327,K86)>1,"DUPLICADO","Único")) -> Único | P86: B3 (código novo); B4 (armazenamento inferido)
A87: MP | B87: Matéria-Prima | C87: MP-00009 | D87: Base G Frutte | E87: Kg | F87: 6.3 | G87: MP | H87: BA | I87: 304 | J87: SC | K87: =IF(OR(G87="",H87="",I87=""),"",G87&H87&I87&J87) -> MPBA304SC | L87: Base G Frutte – Seco | M87: MP = Matéria-Prima | BA = BASE | 304 = Base G Frutte | SC = Seco | N87: Proposto | O87: =IF(K87="","",IF(COUNTIF($K$5:$K$327,K87)>1,"DUPLICADO","Único")) -> Único | P87: B3 (código novo); B4 (armazenamento inferido)
A88: MP | B88: Matéria-Prima | C88: MP-00010 | D88: Biscoito champagne | E88: Kg | F88: 59 | G88: MP | H88: AC | I88: 402 | J88: SC | K88: =IF(OR(G88="",H88="",I88=""),"",G88&H88&I88&J88) -> MPAC402SC | L88: Biscoito champagne – Seco | M88: MP = Matéria-Prima | AC = ACABAMENTO | 402 = Biscoito champagne | SC = Seco | N88: Proposto | O88: =IF(K88="","",IF(COUNTIF($K$5:$K$327,K88)>1,"DUPLICADO","Único")) -> Único | P88: B3 (código novo); B4 (armazenamento inferido)
A89: MP | B89: Matéria-Prima | C89: MP-00011 | D89: Biscoito tipo Maria | E89: Kg | F89: 0 | G89: MP | H89: AC | I89: 403 | J89: SC | K89: =IF(OR(G89="",H89="",I89=""),"",G89&H89&I89&J89) -> MPAC403SC | L89: Biscoito tipo Maria – Seco | M89: MP = Matéria-Prima | AC = ACABAMENTO | 403 = Biscoito tipo Maria | SC = Seco | N89: Proposto | O89: =IF(K89="","",IF(COUNTIF($K$5:$K$327,K89)>1,"DUPLICADO","Único")) -> Único | P89: B3 (código novo); B4 (armazenamento inferido)
A90: MP | B90: Matéria-Prima | C90: MP-00012 | D90: Cacau em pó vermelho 100% alcalino - Callebaut | E90: Kg | F90: 50 | G90: MP | H90: AC | I90: 404 | J90: SC | K90: =IF(OR(G90="",H90="",I90=""),"",G90&H90&I90&J90) -> MPAC404SC | L90: Cacau em pó vermelho 100% alcalino - Callebaut – Seco | M90: MP = Matéria-Prima | AC = ACABAMENTO | 404 = Cacau em pó vermelho 100% alcalino - Callebaut | SC = Seco | N90: Proposto | O90: =IF(K90="","",IF(COUNTIF($K$5:$K$327,K90)>1,"DUPLICADO","Único")) -> Único | P90: B3 (código novo); B4 (armazenamento inferido)
A91: MP | B91: Matéria-Prima | C91: MP-00016 | D91: Canela em pó | E91: Kg | F91: 0.283 | G91: MP | H91: AD | I91: 701 | J91: SC | K91: =IF(OR(G91="",H91="",I91=""),"",G91&H91&I91&J91) -> MPAD701SC | L91: Canela em pó – Seco | M91: MP = Matéria-Prima | AD = ADITIVOS, AROMAS E AUXILIARES DE PROCESSO | 701 = Canela em pó | SC = Seco | N91: Proposto | O91: =IF(K91="","",IF(COUNTIF($K$5:$K$327,K91)>1,"DUPLICADO","Único")) -> Único | P91: B2 (categoria nova); B3 (código novo); B4 (armazenamento inferido)
A92: MP | B92: Matéria-Prima | C92: MP-00017 | D92: Chocolate amargo em gotas - Sicao | E92: Kg | F92: 4.1 | G92: MP | H92: AC | I92: 405 | J92: SC | K92: =IF(OR(G92="",H92="",I92=""),"",G92&H92&I92&J92) -> MPAC405SC | L92: Chocolate amargo em gotas - Sicao – Seco | M92: MP = Matéria-Prima | AC = ACABAMENTO | 405 = Chocolate amargo em gotas - Sicao | SC = Seco | N92: Proposto | O92: =IF(K92="","",IF(COUNTIF($K$5:$K$327,K92)>1,"DUPLICADO","Único")) -> Único | P92: B3 (código novo); B4 (armazenamento inferido)
A93: MP | B93: Matéria-Prima | C93: MP-00018 | D93: Chocolate ao leite em barra | E93: Kg | F93: 94.5 | G93: MP | H93: AC | I93: 406 | J93: SC | K93: =IF(OR(G93="",H93="",I93=""),"",G93&H93&I93&J93) -> MPAC406SC | L93: Chocolate ao leite em barra – Seco | M93: MP = Matéria-Prima | AC = ACABAMENTO | 406 = Chocolate ao leite em barra | SC = Seco | N93: Proposto | O93: =IF(K93="","",IF(COUNTIF($K$5:$K$327,K93)>1,"DUPLICADO","Único")) -> Único | P93: B3 (código novo); B4 (armazenamento inferido)
A94: MP | B94: Matéria-Prima | C94: MP-00019 | D94: Chocolate ao leite em gotas fracionado - Sicao | E94: Kg | F94: 63 | G94: MP | H94: AC | I94: 407 | J94: SC | K94: =IF(OR(G94="",H94="",I94=""),"",G94&H94&I94&J94) -> MPAC407SC | L94: Chocolate ao leite em gotas fracionado - Sicao – Seco | M94: MP = Matéria-Prima | AC = ACABAMENTO | 407 = Chocolate ao leite em gotas fracionado - Sicao | SC = Seco | N94: Proposto | O94: =IF(K94="","",IF(COUNTIF($K$5:$K$327,K94)>1,"DUPLICADO","Único")) -> Único | P94: B3 (código novo); B4 (armazenamento inferido)
A95: MP | B95: Matéria-Prima | C95: MP-00020 | D95: Chocolate ao leite em gotas - Sicao | E95: Kg | F95: 8.2 | G95: MP | H95: AC | I95: 408 | J95: SC | K95: =IF(OR(G95="",H95="",I95=""),"",G95&H95&I95&J95) -> MPAC408SC | L95: Chocolate ao leite em gotas - Sicao – Seco | M95: MP = Matéria-Prima | AC = ACABAMENTO | 408 = Chocolate ao leite em gotas - Sicao | SC = Seco | N95: Proposto | O95: =IF(K95="","",IF(COUNTIF($K$5:$K$327,K95)>1,"DUPLICADO","Único")) -> Único | P95: B3 (código novo); B4 (armazenamento inferido)
... A100: MP | B100: Matéria-Prima | C100: MP-00025 | D100: Coco ralado flocos adoçado | E100: Kg | F100: 25 | G100: MP | H100: AC | I100: 412 | J100: SC | K100: =IF(OR(G100="",H100="",I100=""),"",G100&H100&I100&J100) -> MPAC412SC | L100: Coco ralado flocos adoçado – Seco | M100: MP = Matéria-Prima | AC = ACABAMENTO | 412 = Coco ralado flocos adoçado | SC = Seco | N100: Proposto | O100: =IF(K100="","",IF(COUNTIF($K$5:$K$327,K100)>1,"DUPLICADO","Único")) -> Único | P100: B3 (código novo); B4 (armazenamento inferido)
A101: MP | B101: Matéria-Prima | C101: MP-00026 | D101: Coco seco - fresco ralado | E101: Kg | F101: 5.828 | G101: MP | H101: FR | I101: 277 | J101: RF | K101: =IF(OR(G101="",H101="",I101=""),"",G101&H101&I101&J101) -> MPFR277RF | L101: Coco seco - fresco ralado – Refrigerado | M101: MP = Matéria-Prima | FR = FRUTA | 277 = Coco seco - fresco ralado | RF = Refrigerado | N101: Proposto | O101: =IF(K101="","",IF(COUNTIF($K$5:$K$327,K101)>1,"DUPLICADO","Único")) -> Único | P101: B3 (código novo); B4 (armazenamento inferido) | Q101: Fruta fora da lista A–Z (coco); código novo (276+).
A102: MP | B102: Matéria-Prima | C102: MP-00027 | D102: Coco verde | E102: Sc | F102: 5 | G102: MP | H102: FR | I102: 278 | J102: AC | K102: =IF(OR(G102="",H102="",I102=""),"",G102&H102&I102&J102) -> MPFR278AC | L102: Coco verde – Hortifruti | M102: MP = Matéria-Prima | FR = FRUTA | 278 = Coco verde | AC = Hortifruti | N102: Proposto | O102: =IF(K102="","",IF(COUNTIF($K$5:$K$327,K102)>1,"DUPLICADO","Único")) -> Único | P102: B3 (código novo); B4 (armazenamento inferido) | Q102: Fruta fora da lista A–Z (coco); código novo (276+).
A103: MP | B103: Matéria-Prima | C103: MP-00028 | D103: Cream cheese | E103: Kg | F103: 13.5 | G103: MP | H103: LT | I103: 101 | J103: RF | K103: =IF(OR(G103="",H103="",I103=""),"",G103&H103&I103&J103) -> MPLT101RF | L103: Cream cheese – Refrigerado | M103: MP = Matéria-Prima | LT = LATICÍNIOS | 101 = Cream cheese | RF = Refrigerado | N103: Proposto | O103: =IF(K103="","",IF(COUNTIF($K$5:$K$327,K103)>1,"DUPLICADO","Único")) -> Único | P103: B3 (código novo); B4 (armazenamento inferido)
A104: MP | B104: Matéria-Prima | C104: MP-00029 | D104: Creme de leite fresco 35% | E104: L | F104: 78.169 | G104: MP | H104: LT | I104: 102 | J104: RF | K104: =IF(OR(G104="",H104="",I104=""),"",G104&H104&I104&J104) -> MPLT102RF | L104: Creme de leite fresco 35% – Refrigerado | M104: MP = Matéria-Prima | LT = LATICÍNIOS | 102 = Creme de leite fresco 35% | RF = Refrigerado | N104: Proposto | O104: =IF(K104="","",IF(COUNTIF($K$5:$K$327,K104)>1,"DUPLICADO","Único")) -> Único | P104: B3 (código novo); B4 (armazenamento inferido)
A105: MP | B105: Matéria-Prima | C105: MP-00030 | D105: Delipaste banana - Fabbri | E105: Kg | F105: 18 | G105: MP | H105: AC | I105: 413 | J105: SC | K105: =IF(OR(G105="",H105="",I105=""),"",G105&H105&I105&J105) -> MPAC413SC | L105: Delipaste banana - Fabbri – Seco | M105: MP = Matéria-Prima | AC = ACABAMENTO | 413 = Delipaste banana - Fabbri | SC = Seco | N105: Proposto | O105: =IF(K105="","",IF(COUNTIF($K$5:$K$327,K105)>1,"DUPLICADO","Único")) -> Único | P105: B3 (código novo); B4 (armazenamento inferido)
A106: MP | B106: Matéria-Prima | C106: MP-00031 | D106: Delipaste Buonocioc | E106: Kg | F106: 20 | G106: MP | H106: AC | I106: 414 | J106: SC | K106: =IF(OR(G106="",H106="",I106=""),"",G106&H106&I106&J106) -> MPAC414SC | L106: Delipaste Buonocioc – Seco | M106: MP = Matéria-Prima | AC = ACABAMENTO | 414 = Delipaste Buonocioc | SC = Seco | N106: Proposto | O106: =IF(K106="","",IF(COUNTIF($K$5:$K$327,K106)>1,"DUPLICADO","Único")) -> Único | P106: B3 (código novo); B4 (armazenamento inferido)
A107: MP | B107: Matéria-Prima | C107: MP-00032 | D107: Pasta Galileo Gianduia | E107: Kg | F107: 58 | G107: MP | H107: AC | I107: 415 | J107: SC | K107: =IF(OR(G107="",H107="",I107=""),"",G107&H107&I107&J107) -> MPAC415SC | L107: Pasta Galileo Gianduia – Seco | M107: MP = Matéria-Prima | AC = ACABAMENTO | 415 = Pasta Galileo Gianduia | SC = Seco | N107: Proposto | O107: =IF(K107="","",IF(COUNTIF($K$5:$K$327,K107)>1,"DUPLICADO","Único")) -> Único | P107: B3 (código novo); B4 (armazenamento inferido)
A108: MP | B108: Matéria-Prima | C108: MP-00033 | D108: Pasta de Morango (Delipaste Fragola) | E108: Kg | F108: 49.5 | G108: MP | H108: AC | I108: 416 | J108: SC | K108: =IF(OR(G108="",H108="",I108=""),"",G108&H108&I108&J108) -> MPAC416SC | L108: Pasta de Morango (Delipaste Fragola) – Seco | M108: MP = Matéria-Prima | AC = ACABAMENTO | 416 = Pasta de Morango (Delipaste Fragola) | SC = Seco | N108: Proposto | O108: =IF(K108="","",IF(COUNTIF($K$5:$K$327,K108)>1,"DUPLICADO","Único")) -> Único | P108: B3 (código novo); B4 (armazenamento inferido)
...

Sheet Matriz Picolé
A1: Matriz de SKUs de picolé: cada sabor × cada embalagem prevista no modelo
A2: O cadastro do sistema não informa a gramatura/embalagem do picolé. Esta matriz mostra todas as combinações do modelo para a Técnica indicar quais são vendidas. SKU = "PC" & sabor & tamanho & linha.
G3: Gramatura de 55 g | H3: Gramatura de 60 g | I3: Gramatura de 70 g | J3: Gramatura de 90 g | K3: Caixa c/ 20 un.
A4: Sabor (Bloco 2) | B4: Classe | C4: Sabor | D4: Origem do código | E4: No sistema? | F4: Linha (Bloco 4) | G4: 55 | H4: 60 | I4: 70 | J4: 90 | K4: C2
A5: 100 | B5: Ao Leite | C5: Coco Branco | D5: Modelo | E5: Sim | F5: TR | G5: ="PC"&$A5&G$4&$F5 -> PC10055TR | H5: ="PC"&$A5&H$4&$F5 -> PC10060TR | I5: ="PC"&$A5&I$4&$F5 -> PC10070TR | J5: ="PC"&$A5&J$4&$F5 -> PC10090TR | K5: ="PC"&$A5&K$4&$F5 -> PC100C2TR
A6: 101 | B6: Ao Leite | C6: Coco Queimado | D6: Modelo | E6: Sim | F6: TR | G6: ="PC"&$A6&G$4&$F6 -> PC10155TR | H6: ="PC"&$A6&H$4&$F6 -> PC10160TR | I6: ="PC"&$A6&I$4&$F6 -> PC10170TR | J6: ="PC"&$A6&J$4&$F6 -> PC10190TR | K6: ="PC"&$A6&K$4&$F6 -> PC101C2TR
A7: 102 | B7: Ao Leite | C7: Açaí c/ Leite Condensado | D7: Proposto | E7: Sim | F7: TR | G7: ="PC"&$A7&G$4&$F7 -> PC10255TR | H7: ="PC"&$A7&H$4&$F7 -> PC10260TR | I7: ="PC"&$A7&I$4&$F7 -> PC10270TR | J7: ="PC"&$A7&J$4&$F7 -> PC10290TR | K7: ="PC"&$A7&K$4&$F7 -> PC102C2TR
A8: 103 | B8: Ao Leite | C8: Algodão Doce | D8: Proposto | E8: Sim | F8: TR | G8: ="PC"&$A8&G$4&$F8 -> PC10355TR | H8: ="PC"&$A8&H$4&$F8 -> PC10360TR | I8: ="PC"&$A8&I$4&$F8 -> PC10370TR | J8: ="PC"&$A8&J$4&$F8 -> PC10390TR | K8: ="PC"&$A8&K$4&$F8 -> PC103C2TR
A9: 104 | B9: Ao Leite | C9: Chocolate Zero | D9: Proposto | E9: Sim | F9: ZR | G9: ="PC"&$A9&G$4&$F9 -> PC10455ZR | H9: ="PC"&$A9&H$4&$F9 -> PC10460ZR | I9: ="PC"&$A9&I$4&$F9 -> PC10470ZR | J9: ="PC"&$A9&J$4&$F9 -> PC10490ZR | K9: ="PC"&$A9&K$4&$F9 -> PC104C2ZR
A10: 105 | B10: Ao Leite | C10: ChocoYeez | D10: Proposto | E10: Sim | F10: TR | G10: ="PC"&$A10&G$4&$F10 -> PC10555TR | H10: ="PC"&$A10&H$4&$F10 -> PC10560TR | I10: ="PC"&$A10&I$4&$F10 -> PC10570TR | J10: ="PC"&$A10&J$4&$F10 -> PC10590TR | K10: ="PC"&$A10&K$4&$F10 -> PC105C2TR
A11: 106 | B11: Ao Leite | C11: Maracujá c/ Leite Condensado | D11: Proposto | E11: Sim | F11: TR | G11: ="PC"&$A11&G$4&$F11 -> PC10655TR | H11: ="PC"&$A11&H$4&$F11 -> PC10660TR | I11: ="PC"&$A11&I$4&$F11 -> PC10670TR | J11: ="PC"&$A11&J$4&$F11 -> PC10690TR | K11: ="PC"&$A11&K$4&$F11 -> PC106C2TR
A12: 107 | B12: Ao Leite | C12: Morango c/ Leite Condensado | D12: Proposto | E12: Sim | F12: TR | G12: ="PC"&$A12&G$4&$F12 -> PC10755TR | H12: ="PC"&$A12&H$4&$F12 -> PC10760TR | I12: ="PC"&$A12&I$4&$F12 -> PC10770TR | J12: ="PC"&$A12&J$4&$F12 -> PC10790TR | K12: ="PC"&$A12&K$4&$F12 -> PC107C2TR
A13: 200 | B13: Base Frutas | C13: Manga | D13: Modelo | E13: Sim | F13: TR | G13: ="PC"&$A13&G$4&$F13 -> PC20055TR | H13: ="PC"&$A13&H$4&$F13 -> PC20060TR | I13: ="PC"&$A13&I$4&$F13 -> PC20070TR | J13: ="PC"&$A13&J$4&$F13 -> PC20090TR | K13: ="PC"&$A13&K$4&$F13 -> PC200C2TR
A14: 201 | B14: Base Frutas | C14: Morango | D14: Modelo | E14: Sim | F14: TR | G14: ="PC"&$A14&G$4&$F14 -> PC20155TR | H14: ="PC"&$A14&H$4&$F14 -> PC20160TR | I14: ="PC"&$A14&I$4&$F14 -> PC20170TR | J14: ="PC"&$A14&J$4&$F14 -> PC20190TR | K14: ="PC"&$A14&K$4&$F14 -> PC201C2TR
A15: 203 | B15: Base Frutas | C15: Uva | D15: Modelo | E15: Sim | F15: TR | G15: ="PC"&$A15&G$4&$F15 -> PC20355TR | H15: ="PC"&$A15&H$4&$F15 -> PC20360TR | I15: ="PC"&$A15&I$4&$F15 -> PC20370TR | J15: ="PC"&$A15&J$4&$F15 -> PC20390TR | K15: ="PC"&$A15&K$4&$F15 -> PC203C2TR
A16: 204 | B16: Base Frutas | C16: Abacaxi c/ Hortelã | D16: Proposto | E16: Sim | F16: TR | G16: ="PC"&$A16&G$4&$F16 -> PC20455TR | H16: ="PC"&$A16&H$4&$F16 -> PC20460TR | I16: ="PC"&$A16&I$4&$F16 -> PC20470TR | J16: ="PC"&$A16&J$4&$F16 -> PC20490TR | K16: ="PC"&$A16&K$4&$F16 -> PC204C2TR
... A30: 408 | B30: Recheados | C30: Torta de Limão | D30: Proposto | E30: Sim | F30: TR | G30: ="PC"&$A30&G$4&$F30 -> PC40855TR | H30: ="PC"&$A30&H$4&$F30 -> PC40860TR | I30: ="PC"&$A30&I$4&$F30 -> PC40870TR | J30: ="PC"&$A30&J$4&$F30 -> PC40890TR | K30: ="PC"&$A30&K$4&$F30 -> PC408C2TR

Sheet Dicionário de códigos
A1: Dicionário de códigos usados neste relatório
A2: Origem: Modelo = tabelas dos arquivos de modelo · Lista de frutas = lista_de_frutas_A_Z.xlsx · Proposto = criado nesta análise, pendente de validação. A coluna "Nº de produtos" conta o uso na aba SKUs.
A4: Família | B4: Bloco | C4: Código | D4: Significado | E4: Origem | F4: Observação | G4: Nº de produtos
A5: PF | B5: Bloco 1 – Tipo | C5: GL | D5: Gelato | E5: Modelo | G5: =COUNTIFS(SKUs!$A$5:$A$327,A5,SKUs!$G$5:$G$327,C5) -> 48
A6: PF | B6: Bloco 1 – Tipo | C6: PC | D6: Picolé | E6: Modelo | G6: =COUNTIFS(SKUs!$A$5:$A$327,A6,SKUs!$G$5:$G$327,C6) -> 24
A7: PF | B7: Bloco 2 – Sabor (GL) | C7: 101 | D7: Ao Leite – Chocolate Belga | E7: Modelo | F7: Sabor de referência do modelo | G7: =COUNTIFS(SKUs!$A$5:$A$327,A7,SKUs!$H$5:$H$327,C7,SKUs!$G$5:$G$327,"GL") -> 2
A8: PF | B8: Bloco 2 – Sabor (GL) | C8: 102 | D8: Ao Leite – Banoffee | E8: Proposto | G8: =COUNTIFS(SKUs!$A$5:$A$327,A8,SKUs!$H$5:$H$327,C8,SKUs!$G$5:$G$327,"GL") -> 1
A9: PF | B9: Bloco 2 – Sabor (GL) | C9: 103 | D9: Ao Leite – Chocolate Branco | E9: Proposto | G9: =COUNTIFS(SKUs!$A$5:$A$327,A9,SKUs!$H$5:$H$327,C9,SKUs!$G$5:$G$327,"GL") -> 1
A10: PF | B10: Bloco 2 – Sabor (GL) | C10: 104 | D10: Ao Leite – Chocolate Crocante | E10: Proposto | G10: =COUNTIFS(SKUs!$A$5:$A$327,A10,SKUs!$H$5:$H$327,C10,SKUs!$G$5:$G$327,"GL") -> 1
A11: PF | B11: Bloco 2 – Sabor (GL) | C11: 105 | D11: Ao Leite – Chocolate Dubai | E11: Proposto | G11: =COUNTIFS(SKUs!$A$5:$A$327,A11,SKUs!$H$5:$H$327,C11,SKUs!$G$5:$G$327,"GL") -> 1
A12: PF | B12: Bloco 2 – Sabor (GL) | C12: 106 | D12: Ao Leite – Chocolate Intenso | E12: Proposto | G12: =COUNTIFS(SKUs!$A$5:$A$327,A12,SKUs!$H$5:$H$327,C12,SKUs!$G$5:$G$327,"GL") -> 1
A13: PF | B13: Bloco 2 – Sabor (GL) | C13: 107 | D13: Ao Leite – Coco Branco | E13: Proposto | G13: =COUNTIFS(SKUs!$A$5:$A$327,A13,SKUs!$H$5:$H$327,C13,SKUs!$G$5:$G$327,"GL") -> 3
A14: PF | B14: Bloco 2 – Sabor (GL) | C14: 108 | D14: Ao Leite – Coco Queimado | E14: Proposto | G14: =COUNTIFS(SKUs!$A$5:$A$327,A14,SKUs!$H$5:$H$327,C14,SKUs!$G$5:$G$327,"GL") -> 1
A15: PF | B15: Bloco 2 – Sabor (GL) | C15: 109 | D15: Ao Leite – Creme de Morango | E15: Proposto | G15: =COUNTIFS(SKUs!$A$5:$A$327,A15,SKUs!$H$5:$H$327,C15,SKUs!$G$5:$G$327,"GL") -> 3
A16: PF | B16: Bloco 2 – Sabor (GL) | C16: 110 | D16: Ao Leite – Doce de Leite | E16: Proposto | G16: =COUNTIFS(SKUs!$A$5:$A$327,A16,SKUs!$H$5:$H$327,C16,SKUs!$G$5:$G$327,"GL") -> 3
A17: PF | B17: Bloco 2 – Sabor (GL) | C17: 111 | D17: Ao Leite – Floresta Negra | E17: Proposto | G17: =COUNTIFS(SKUs!$A$5:$A$327,A17,SKUs!$H$5:$H$327,C17,SKUs!$G$5:$G$327,"GL") -> 1
A18: PF | B18: Bloco 2 – Sabor (GL) | C18: 112 | D18: Ao Leite – Gelato de Café | E18: Proposto | G18: =COUNTIFS(SKUs!$A$5:$A$327,A18,SKUs!$H$5:$H$327,C18,SKUs!$G$5:$G$327,"GL") -> 1
A19: PF | B19: Bloco 2 – Sabor (GL) | C19: 113 | D19: Ao Leite – Gianduia | E19: Proposto | G19: =COUNTIFS(SKUs!$A$5:$A$327,A19,SKUs!$H$5:$H$327,C19,SKUs!$G$5:$G$327,"GL") -> 1
... A35: PF | B35: Bloco 2 – Sabor (GL) | C35: 129 | D35: Ao Leite – Yogurt com Jabuticaba | E35: Proposto | G35: =COUNTIFS(SKUs!$A$5:$A$327,A35,SKUs!$H$5:$H$327,C35,SKUs!$G$5:$G$327,"GL") -> 1
A36: PF | B36: Bloco 2 – Sabor (GL) | C36: 200 | D36: Sorbet – Sorbet Manga | E36: Modelo | F36: Exemplo ilustrativo do modelo – sabor a confirmar | G36: =COUNTIFS(SKUs!$A$5:$A$327,A36,SKUs!$H$5:$H$327,C36,SKUs!$G$5:$G$327,"GL") -> 2
A37: PF | B37: Bloco 2 – Sabor (GL) | C37: 201 | D37: Sorbet – Sorbet Frutas Vermelhas | E37: Proposto | G37: =COUNTIFS(SKUs!$A$5:$A$327,A37,SKUs!$H$5:$H$327,C37,SKUs!$G$5:$G$327,"GL") -> 2
A38: PF | B38: Bloco 2 – Sabor (GL) | C38: 202 | D38: Sorbet – Sorbet Grape Fruit | E38: Proposto | G38: =COUNTIFS(SKUs!$A$5:$A$327,A38,SKUs!$H$5:$H$327,C38,SKUs!$G$5:$G$327,"GL") -> 1
A39: PF | B39: Bloco 2 – Sabor (GL) | C39: 203 | D39: Sorbet – Sorbet Limão | E39: Proposto | G39: =COUNTIFS(SKUs!$A$5:$A$327,A39,SKUs!$H$5:$H$327,C39,SKUs!$G$5:$G$327,"GL") -> 1
A40: PF | B40: Bloco 2 – Sabor (GL) | C40: 204 | D40: Sorbet – Sorbet Manga com Maracujá Zero | E40: Proposto | G40: =COUNTIFS(SKUs!$A$5:$A$327,A40,SKUs!$H$5:$H$327,C40,SKUs!$G$5:$G$327,"GL") -> 1
A41: PF | B41: Bloco 2 – Sabor (GL) | C41: 205 | D41: Sorbet – Sorbet Maracujá | E41: Proposto | G41: =COUNTIFS(SKUs!$A$5:$A$327,A41,SKUs!$H$5:$H$327,C41,SKUs!$G$5:$G$327,"GL") -> 1
A42: PF | B42: Bloco 2 – Sabor (GL) | C42: 206 | D42: Sorbet – Sorbet Morango | E42: Proposto | G42: =COUNTIFS(SKUs!$A$5:$A$327,A42,SKUs!$H$5:$H$327,C42,SKUs!$G$5:$G$327,"GL") -> 1
A43: PF | B43: Bloco 2 – Sabor (GL) | C43: 207 | D43: Sorbet – Sorbet Zeríssimo | E43: Proposto | G43: =COUNTIFS(SKUs!$A$5:$A$327,A43,SKUs!$H$5:$H$327,C43,SKUs!$G$5:$G$327,"GL") -> 1
A44: PF | B44: Bloco 2 – Sabor (PC) | C44: 100 | D44: Ao Leite – Coco Branco | E44: Modelo | G44: =COUNTIFS(SKUs!$A$5:$A$327,A44,SKUs!$H$5:$H$327,C44,SKUs!$G$5:$G$327,"PC") -> 1
A45: PF | B45: Bloco 2 – Sabor (PC) | C45: 101 | D45: Ao Leite – Coco Queimado | E45: Modelo | G45: =COUNTIFS(SKUs!$A$5:$A$327,A45,SKUs!$H$5:$H$327,C45,SKUs!$G$5:$G$327,"PC") -> 1
A46: PF | B46: Bloco 2 – Sabor (PC) | C46: 102 | D46: Ao Leite – Açaí c/ Leite Condensado | E46: Proposto | F46: Classe a validar | G46: =COUNTIFS(SKUs!$A$5:$A$327,A46,SKUs!$H$5:$H$327,C46,SKUs!$G$5:$G$327,"PC") -> 1
A47: PF | B47: Bloco 2 – Sabor (PC) | C47: 103 | D47: Ao Leite – Algodão Doce | E47: Proposto | F47: Classe a validar | G47: =COUNTIFS(SKUs!$A$5:$A$327,A47,SKUs!$H$5:$H$327,C47,SKUs!$G$5:$G$327,"PC") -> 1
A48: PF | B48: Bloco 2 – Sabor (PC) | C48: 104 | D48: Ao Leite – Chocolate Zero | E48: Proposto | F48: Classe a validar | G48: =COUNTIFS(SKUs!$A$5:$A$327,A48,SKUs!$H$5:$H$327,C48,SKUs!$G$5:$G$327,"PC") -> 1
A49: PF | B49: Bloco 2 – Sabor (PC) | C49: 105 | D49: Ao Leite – ChocoYeez | E49: Proposto | F49: Código novo na sequência da classe | G49: =COUNTIFS(SKUs!$A$5:$A$327,A49,SKUs!$H$5:$H$327,C49,SKUs!$G$5:$G$327,"PC") -> 1
A50: PF | B50: Bloco 2 – Sabor (PC) | C50: 106 | D50: Ao Leite – Maracujá c/ Leite Condensado | E50: Proposto | F50: Classe a validar | G50: =COUNTIFS(SKUs!$A$5:$A$327,A50,SKUs!$H$5:$H$327,C50,SKUs!$G$5:$G$327,"PC") -> 1
A51: PF | B51: Bloco 2 – Sabor (PC) | C51: 107 | D51: Ao Leite – Morango c/ Leite Condensado | E51: Proposto | F51: Classe a validar | G51: =COUNTIFS(SKUs!$A$5:$A$327,A51,SKUs!$H$5:$H$327,C51,SKUs!$G$5:$G$327,"PC") -> 1
A52: PF | B52: Bloco 2 – Sabor (PC) | C52: 200 | D52: Base Frutas – Manga | E52: Modelo | G52: =COUNTIFS(SKUs!$A$5:$A$327,A52,SKUs!$H$5:$H$327,C52,SKUs!$G$5:$G$327,"PC") -> 1
A53: PF | B53: Bloco 2 – Sabor (PC) | C53: 201 | D53: Base Frutas – Morango | E53: Modelo | G53: =COUNTIFS(SKUs!$A$5:$A$327,A53,SKUs!$H$5:$H$327,C53,SKUs!$G$5:$G$327,"PC") -> 1
A54: PF | B54: Bloco 2 – Sabor (PC) | C54: 203 | D54: Base Frutas – Uva | E54: Modelo | G54: =COUNTIFS(SKUs!$A$5:$A$327,A54,SKUs!$H$5:$H$327,C54,SKUs!$G$5:$G$327,"PC") -> 1
A55: PF | B55: Bloco 2 – Sabor (PC) | C55: 204 | D55: Base Frutas – Abacaxi c/ Hortelã | E55: Proposto | F55: Código novo na sequência da classe | G55: =COUNTIFS(SKUs!$A$5:$A$327,A55,SKUs!$H$5:$H$327,C55,SKUs!$G$5:$G$327,"PC") -> 1
A56: PF | B56: Bloco 2 – Sabor (PC) | C56: 205 | D56: Base Frutas – Açaí | E56: Proposto | F56: Código novo na sequência da classe | G56: =COUNTIFS(SKUs!$A$5:$A$327,A56,SKUs!$H$5:$H$327,C56,SKUs!$G$5:$G$327,"PC") -> 1
A57: PF | B57: Bloco 2 – Sabor (PC) | C57: 206 | D57: Base Frutas – Goiaba | E57: Proposto | F57: Código novo na sequência da classe | G57: =COUNTIFS(SKUs!$A$5:$A$327,A57,SKUs!$H$5:$H$327,C57,SKUs!$G$5:$G$327,"PC") -> 1
A58: PF | B58: Bloco 2 – Sabor (PC) | C58: 207 | D58: Base Frutas – Limão | E58: Proposto | F58: Código novo na sequência da classe | G58: =COUNTIFS(SKUs!$A$5:$A$327,A58,SKUs!$H$5:$H$327,C58,SKUs!$G$5:$G$327,"PC") -> 1
A59: PF | B59: Bloco 2 – Sabor (PC) | C59: 300 | D59: Pedaços de Frutas – Água de Coco c/ Frutas | E59: Modelo | G59: =COUNTIFS(SKUs!$A$5:$A$327,A59,SKUs!$H$5:$H$327,C59,SKUs!$G$5:$G$327,"PC") -> 1
A60: PF | B60: Bloco 2 – Sabor (PC) | C60: 301 | D60: Pedaços de Frutas – Melancia c/ Frutas | E60: Proposto | F60: Classe a validar | G60: =COUNTIFS(SKUs!$A$5:$A$327,A60,SKUs!$H$5:$H$327,C60,SKUs!$G$5:$G$327,"PC") -> 1
A61: PF | B61: Bloco 2 – Sabor (PC) | C61: 400 | D61: Recheados – ChocoBrownie | E61: Modelo | G61: =COUNTIFS(SKUs!$A$5:$A$327,A61,SKUs!$H$5:$H$327,C61,SKUs!$G$5:$G$327,"PC") -> 1
A62: PF | B62: Bloco 2 – Sabor (PC) | C62: 401 | D62: Recheados – Doce de Leite | E62: Modelo | G62: =COUNTIFS(SKUs!$A$5:$A$327,A62,SKUs!$H$5:$H$327,C62,SKUs!$G$5:$G$327,"PC") -> 1
A63: PF | B63: Bloco 2 – Sabor (PC) | C63: 402 | D63: Recheados – Leite Trufado | E63: Modelo | G63: =COUNTIFS(SKUs!$A$5:$A$327,A63,SKUs!$H$5:$H$327,C63,SKUs!$G$5:$G$327,"PC") -> 1
A64: PF | B64: Bloco 2 – Sabor (PC) | C64: 403 | D64: Recheados – Mousse de Limão | E64: Modelo | G64: =COUNTIFS(SKUs!$A$5:$A$327,A64,SKUs!$H$5:$H$327,C64,SKUs!$G$5:$G$327,"PC") -> 0
A65: PF | B65: Bloco 2 – Sabor (PC) | C65: 404 | D65: Recheados – Mousse de Maracujá | E65: Modelo | G65: =COUNTIFS(SKUs!$A$5:$A$327,A65,SKUs!$H$5:$H$327,C65,SKUs!$G$5:$G$327,"PC") -> 1
A66: PF | B66: Bloco 2 – Sabor (PC) | C66: 405 | D66: Recheados – Pistache | E66: Modelo | G66: =COUNTIFS(SKUs!$A$5:$A$327,A66,SKUs!$H$5:$H$327,C66,SKUs!$G$5:$G$327,"PC") -> 0
A67: PF | B67: Bloco 2 – Sabor (PC) | C67: 406 | D67: Recheados – Brigadeiro | E67: Proposto | F67: Classe a validar | G67: =COUNTIFS(SKUs!$A$5:$A$327,A67,SKUs!$H$5:$H$327,C67,SKUs!$G$5:$G$327,"PC") -> 1
A68: PF | B68: Bloco 2 – Sabor (PC) | C68: 407 | D68: Recheados – Romeu e Julieta | E68: Proposto | F68: Classe a validar | G68: =COUNTIFS(SKUs!$A$5:$A$327,A68,SKUs!$H$5:$H$327,C68,SKUs!$G$5:$G$327,"PC") -> 1
A69: PF | B69: Bloco 2 – Sabor (PC) | C69: 408 | D69: Recheados – Torta de Limão | E69: Proposto | F69: Classe a validar | G69: =COUNTIFS(SKUs!$A$5:$A$327,A69,SKUs!$H$5:$H$327,C69,SKUs!$G$5:$G$327,"PC") -> 1
A70: PF | B70: Bloco 3 – Tamanho/Embalagem | C70: 12 | D70: Pote 120 g | E70: Modelo | F70: OP usa pote de 150 g | G70: =COUNTIFS(SKUs!$A$5:$A$327,A70,SKUs!$I$5:$I$327,C70,SKUs!$G$5:$G$327,"GL") -> 0
A71: PF | B71: Bloco 3 – Tamanho/Embalagem | C71: 36 | D71: Pote 360 g | E71: Modelo | G71: =COUNTIFS(SKUs!$A$5:$A$327,A71,SKUs!$I$5:$I$327,C71,SKUs!$G$5:$G$327,"GL") -> 5
A72: PF | B72: Bloco 3 – Tamanho/Embalagem | C72: C1 | D72: Caixa 6 kg (modelo: "Caixa 06" / "6200 L") | E72: Modelo | F72: Unidade diverge entre abas do modelo | G72: =COUNTIFS(SKUs!$A$5:$A$327,A72,SKUs!$I$5:$I$327,C72,SKUs!$G$5:$G$327,"GL") -> 37
A73: PF | B73: Bloco 3 – Tamanho/Embalagem | C73: B4 | D73: Balde 4 L | E73: Modelo | F73: Estrutura Base usa "BL" | G73: =COUNTIFS(SKUs!$A$5:$A$327,A73,SKUs!$I$5:$I$327,C73,SKUs!$G$5:$G$327,"GL") -> 0
A74: PF | B74: Bloco 3 – Tamanho/Embalagem | C74: CP | D74: (sem definição – "?" no simulador) | E74: Modelo | F74: Não utilizado | G74: =COUNTIFS(SKUs!$A$5:$A$327,A74,SKUs!$I$5:$I$327,C74,SKUs!$G$5:$G$327,"GL") -> 0
A75: PF | B75: Bloco 3 – Tamanho/Embalagem | C75: CM | D75: (sem definição – "?" no simulador) | E75: Modelo | F75: Não utilizado | G75: =COUNTIFS(SKUs!$A$5:$A$327,A75,SKUs!$I$5:$I$327,C75,SKUs!$G$5:$G$327,"GL") -> 0
A76: PF | B76: Bloco 3 – Tamanho/Embalagem | C76: CG | D76: (sem definição – "?" no simulador) | E76: Modelo | F76: Não utilizado | G76: =COUNTIFS(SKUs!$A$5:$A$327,A76,SKUs!$I$5:$I$327,C76,SKUs!$G$5:$G$327,"GL") -> 0
A77: PF | B77: Bloco 3 – Tamanho/Embalagem | C77: 24 | D77: Pote 240 g | E77: Proposto | F77: Existe no cadastro; não existe no modelo | G77: =COUNTIFS(SKUs!$A$5:$A$327,A77,SKUs!$I$5:$I$327,C77,SKUs!$G$5:$G$327,"GL") -> 5
A78: PF | B78: Bloco 3 – Tamanho/Embalagem | C78: 15 | D78: Pote 150 (g/ml) | E78: Proposto | F78: Cadastro: 150 ml; OP: 150 g | G78: =COUNTIFS(SKUs!$A$5:$A$327,A78,SKUs!$I$5:$I$327,C78,SKUs!$G$5:$G$327,"GL") -> 1
A79: PF | B79: Bloco 3 – Tamanho/Embalagem | C79: 55 | D79: Picolé gramatura 55 g | E79: Modelo | G79: =COUNTIFS(SKUs!$A$5:$A$327,A79,SKUs!$I$5:$I$327,C79,SKUs!$G$5:$G$327,"PC") -> 0
A80: PF | B80: Bloco 3 – Tamanho/Embalagem | C80: 60 | D80: Picolé gramatura 60 g | E80: Modelo | F80: OPs citam palito de 60 mL | G80: =COUNTIFS(SKUs!$A$5:$A$327,A80,SKUs!$I$5:$I$327,C80,SKUs!$G$5:$G$327,"PC") -> 0
A81: PF | B81: Bloco 3 – Tamanho/Embalagem | C81: 70 | D81: Picolé gramatura 70 g | E81: Modelo | G81: =COUNTIFS(SKUs!$A$5:$A$327,A81,SKUs!$I$5:$I$327,C81,SKUs!$G$5:$G$327,"PC") -> 0
A82: PF | B82: Bloco 3 – Tamanho/Embalagem | C82: 90 | D82: Picolé gramatura 90 g | E82: Modelo | F82: Estrutura Base cita 50/60/70/80/90 | G82: =COUNTIFS(SKUs!$A$5:$A$327,A82,SKUs!$I$5:$I$327,C82,SKUs!$G$5:$G$327,"PC") -> 0
A83: PF | B83: Bloco 3 – Tamanho/Embalagem | C83: C2 | D83: Picolé – caixa com 20 un. | E83: Modelo | F83: OPs citam caixa de 12 un. | G83: =COUNTIFS(SKUs!$A$5:$A$327,A83,SKUs!$I$5:$I$327,C83,SKUs!$G$5:$G$327,"PC") -> 0
A84: PF | B84: Bloco 3 – Tamanho/Embalagem | C84: XX | D84: Gramatura/embalagem a definir (marcador provisório) | E84: Proposto | F84: Substituir após decisão da Técnica | G84: =COUNTIFS(SKUs!$A$5:$A$327,A84,SKUs!$I$5:$I$327,C84,SKUs!$G$5:$G$327,"PC") -> 24
A85: PF | B85: Bloco 4 – Linha | C85: TR | D85: Tradicional | E85: Modelo | G85: =COUNTIFS(SKUs!$A$5:$A$327,A85,SKUs!$J$5:$J$327,C85) -> 68
A86: PF | B86: Bloco 4 – Linha | C86: ZR | D86: Zero Açúcar | E86: Modelo | G86: =COUNTIFS(SKUs!$A$5:$A$327,A86,SKUs!$J$5:$J$327,C86) -> 3
A87: PF | B87: Bloco 4 – Linha | C87: VG | D87: Vegano | E87: Modelo | G87: =COUNTIFS(SKUs!$A$5:$A$327,A87,SKUs!$J$5:$J$327,C87) -> 0
A88: PF | B88: Bloco 4 – Linha | C88: PT | D88: Proteico | E88: Modelo | G88: =COUNTIFS(SKUs!$A$5:$A$327,A88,SKUs!$J$5:$J$327,C88) -> 1
A89: PF | B89: Bloco 4 – Linha | C89: CB | D89: Venda Premium (citado no simulador) | E89: Modelo | F89: Sem linha na tabela de Estrutura Base | G89: =COUNTIFS(SKUs!$A$5:$A$327,A89,SKUs!$J$5:$J$327,C89) -> 0
A90: PF | B90: Bloco 4 – Linha | C90: RC | D90: (citado no simulador, sem definição) | E90: Modelo | F90: Sem linha na tabela de Estrutura Base | G90: =COUNTIFS(SKUs!$A$5:$A$327,A90,SKUs!$J$5:$J$327,C90) -> 0
A91: MP | B91: Bloco 1 – Tipo | C91: MP | D91: Matéria-prima | E91: Modelo | G91: =COUNTIFS(SKUs!$A$5:$A$327,A91,SKUs!$G$5:$G$327,C91) -> 173
A92: MP | B92: Bloco 2 – Categoria | C92: LT | D92: LATICÍNIOS | E92: Modelo | G92: =COUNTIFS(SKUs!$A$5:$A$327,A92,SKUs!$H$5:$H$327,C92) -> 17
A93: MP | B93: Bloco 2 – Categoria | C93: FR | D93: FRUTA | E93: Modelo | G93: =COUNTIFS(SKUs!$A$5:$A$327,A93,SKUs!$H$5:$H$327,C93) -> 33
A94: MP | B94: Bloco 2 – Categoria | C94: BA | D94: BASE | E94: Modelo | G94: =COUNTIFS(SKUs!$A$5:$A$327,A94,SKUs!$H$5:$H$327,C94) -> 23
A95: MP | B95: Bloco 2 – Categoria | C95: AC | D95: ACABAMENTO | E95: Modelo | G95: =COUNTIFS(SKUs!$A$5:$A$327,A95,SKUs!$H$5:$H$327,C95) -> 73
A96: MP | B96: Bloco 2 – Categoria | C96: OV | D96: OVOS E OVOPRODUTOS | E96: Proposto | F96: Categoria nova (faixa 500–599) | G96: =COUNTIFS(SKUs!$A$5:$A$327,A96,SKUs!$H$5:$H$327,C96) -> 4
A97: MP | B97: Bloco 2 – Categoria | C97: GO | D97: GORDURAS E ÓLEOS | E97: Proposto | F97: Categoria nova (faixa 600–699) | G97: =COUNTIFS(SKUs!$A$5:$A$327,A97,SKUs!$H$5:$H$327,C97) -> 2
A98: MP | B98: Bloco 2 – Categoria | C98: AD | D98: ADITIVOS, AROMAS E AUXILIARES DE PROCESSO | E98: Proposto | F98: Categoria nova (faixa 700–799) | G98: =COUNTIFS(SKUs!$A$5:$A$327,A98,SKUs!$H$5:$H$327,C98) -> 17
A99: MP | B99: Bloco 2 – Categoria | C99: CE | D99: CEREAIS, FARINHAS E AMIDOS | E99: Proposto | F99: Categoria nova (faixa 800–899) | G99: =COUNTIFS(SKUs!$A$5:$A$327,A99,SKUs!$H$5:$H$327,C99) -> 4
A100: MP | B100: Bloco 3 – Descrição (FR) | C100: 201 | D100: Abacaxi (fruta) | E100: Lista de frutas | G100: =COUNTIFS(SKUs!$A$5:$A$327,A100,SKUs!$I$5:$I$327,C100,SKUs!$H$5:$H$327,"FR") -> 1
A101: MP | B101: Bloco 3 – Descrição (FR) | C101: 202 | D101: Açaí (fruta) | E101: Lista de frutas | G101: =COUNTIFS(SKUs!$A$5:$A$327,A101,SKUs!$I$5:$I$327,C101,SKUs!$H$5:$H$327,"FR") -> 1
A102: MP | B102: Bloco 3 – Descrição (BA) | C102: 301 | D102: Açúcar refinado | E102: Proposto | G102: =COUNTIFS(SKUs!$A$5:$A$327,A102,SKUs!$I$5:$I$327,C102,SKUs!$H$5:$H$327,"BA") -> 1
A103: MP | B103: Bloco 3 – Descrição (AC) | C103: 401 | D103: Amendoim Torrado e Granulado sem Sal | E103: Proposto | G103: =COUNTIFS(SKUs!$A$5:$A$327,A103,SKUs!$I$5:$I$327,C103,SKUs!$H$5:$H$327,"AC") -> 1
A104: MP | B104: Bloco 3 – Descrição (FR) | C104: 276 | D104: Amora congelada | E104: Proposto | G104: =COUNTIFS(SKUs!$A$5:$A$327,A104,SKUs!$I$5:$I$327,C104,SKUs!$H$5:$H$327,"FR") -> 1
A105: MP | B105: Bloco 3 – Descrição (AD) | C105: 700 | D105: Aroma de Guaraná | E105: Proposto | G105: =COUNTIFS(SKUs!$A$5:$A$327,A105,SKUs!$I$5:$I$327,C105,SKUs!$H$5:$H$327,"AD") -> 1
A106: MP | B106: Bloco 3 – Descrição (BA) | C106: 302 | D106: Base creme | E106: Proposto | G106: =COUNTIFS(SKUs!$A$5:$A$327,A106,SKUs!$I$5:$I$327,C106,SKUs!$H$5:$H$327,"BA") -> 1
A107: MP | B107: Bloco 3 – Descrição (BA) | C107: 303 | D107: Base frutta | E107: Proposto | G107: =COUNTIFS(SKUs!$A$5:$A$327,A107,SKUs!$I$5:$I$327,C107,SKUs!$H$5:$H$327,"BA") -> 1
A108: MP | B108: Bloco 3 – Descrição (BA) | C108: 304 | D108: Base G Frutte | E108: Proposto | G108: =COUNTIFS(SKUs!$A$5:$A$327,A108,SKUs!$I$5:$I$327,C108,SKUs!$H$5:$H$327,"BA") -> 1
A109: MP | B109: Bloco 3 – Descrição (AC) | C109: 402 | D109: Biscoito champagne | E109: Proposto | G109: =COUNTIFS(SKUs!$A$5:$A$327,A109,SKUs!$I$5:$I$327,C109,SKUs!$H$5:$H$327,"AC") -> 1
A110: MP | B110: Bloco 3 – Descrição (AC) | C110: 403 | D110: Biscoito tipo Maria | E110: Proposto | G110: =COUNTIFS(SKUs!$A$5:$A$327,A110,SKUs!$I$5:$I$327,C110,SKUs!$H$5:$H$327,"AC") -> 1
A111: MP | B111: Bloco 3 – Descrição (AC) | C111: 404 | D111: Cacau em pó vermelho 100% alcalino - Callebaut | E111: Proposto | G111: =COUNTIFS(SKUs!$A$5:$A$327,A111,SKUs!$I$5:$I$327,C111,SKUs!$H$5:$H$327,"AC") -> 1
A112: MP | B112: Bloco 3 – Descrição (AD) | C112: 701 | D112: Canela em pó | E112: Proposto | G112: =COUNTIFS(SKUs!$A$5:$A$327,A112,SKUs!$I$5:$I$327,C112,SKUs!$H$5:$H$327,"AD") -> 1
A113: MP | B113: Bloco 3 – Descrição (AC) | C113: 405 | D113: Chocolate amargo em gotas - Sicao | E113: Proposto | G113: =COUNTIFS(SKUs!$A$5:$A$327,A113,SKUs!$I$5:$I$327,C113,SKUs!$H$5:$H$327,"AC") -> 1
A114: MP | B114: Bloco 3 – Descrição (AC) | C114: 406 | D114: Chocolate ao leite em barra | E114: Proposto | G114: =COUNTIFS(SKUs!$A$5:$A$327,A114,SKUs!$I$5:$I$327,C114,SKUs!$H$5:$H$327,"AC") -> 1
A115: MP | B115: Bloco 3 – Descrição (AC) | C115: 407 | D115: Chocolate ao leite em gotas fracionado - Sicao | E115: Proposto | G115: =COUNTIFS(SKUs!$A$5:$A$327,A115,SKUs!$I$5:$I$327,C115,SKUs!$H$5:$H$327,"AC") -> 1
A116: MP | B116: Bloco 3 – Descrição (AC) | C116: 408 | D116: Chocolate ao leite em gotas - Sicao | E116: Proposto | G116: =COUNTIFS(SKUs!$A$5:$A$327,A116,SKUs!$I$5:$I$327,C116,SKUs!$H$5:$H$327,"AC") -> 1
...

Sheet Pendências para a Técnica
A1: Pontos para decisão da área técnica
A2: Inconsistências encontradas nos modelos e decisões adotadas provisoriamente neste relatório. Preencher a última coluna para consolidar a validação.
A4: # | B4: Família | C4: Assunto | D4: O que foi encontrado | E4: Tratamento adotado neste relatório | F4: Decisão da área técnica
A5: 1 | B5: PF | C5: Código do balde | D5: Estrutura Base usa "BL"; aba Tipos e Simulador usam "B4" (Balde 4 L). | E5: Usado B4. Nenhum produto do sistema usa balde.
A6: 2 | B6: PF | C6: Caixa de gelato (C1) | D6: "Caixa 06" (Estrutura Base) vs "Caixa de 6200 L" (Tipos; o comentário do arquivo fala em 6,2 L). O sistema (embalagem padrão) e as OPs usam caixa de 6 kg. | E6: Assumido C1 = caixa de 6 kg para todos os gelatos cadastrados a granel. Confirmar unidade (kg ou L).
A7: 3 | B7: PF | C7: Códigos CP, CM, CG | D7: Aparecem no simulador de gelato com descrição "?" (indefinidos). | E7: Não utilizados. Definir significado (cuba pequena/média/grande?).
A8: 4 | B8: PF | C8: Potes de gelato | D8: Modelo: 12 = 120 g e 36 = 360 g. OPs: potes de 150 g e 360 g. Sistema: potes de 240 g e 360 g, e 1 produto "150ml" (proteico). | E8: Mantido 36. Criados 24 (240 g) e 15 (150) como PROPOSTA. Confirmar também se 12 = 120 g ou 150 g.
A9: 5 | B9: PF | C9: Gramatura/embalagem do picolé | D9: Modelo: 55/60/70/90 (Tipos) e 50/60/70/80/90 (Estrutura Base). OPs: palitos de 60 mL e 80 mL. O cadastro do sistema não informa a gramatura de nenhum picolé. | E9: SKU provisório com "XX" no Bloco 3 (status Pendente). Aba Matriz Picolé lista todas as combinações para a Técnica escolher.
A10: 6 | B10: PF | C10: Caixa de picolé (C2) | D10: Modelo: caixa com 20 un. (código C2; um comentário cita "CX20"). OPs: "Caixas de 12 unid.". | E10: Mantido C2 do modelo. Confirmar 12 ou 20 unidades. Itens do sistema com unidade "CX"/"Cx" (ex.: PF-00036, PF-00046) não têm regra para distinguir unidade de caixa.
A11: 7 | B11: PF | C11: Marca (Luna × Yeez) | D11: O modelo de picolé nomeia os sabores como "PICOLÉ LUNA …" e não há bloco de marca. O sistema só tem picolés Yeez; as OPs têm os mesmos sabores nas duas marcas. | E11: Códigos de sabor do modelo reaproveitados para os picolés Yeez. Hoje não há colisão no cadastro, mas Luna e Yeez do mesmo sabor teriam o mesmo SKU. Definir como diferenciar.
A12: 8 | B12: PF | C12: Linhas (Bloco 4) | D12: Tabela tem TR, ZR, VG, PT. Simulador cita também CB ("Venda Premium") e RC, sem definição. Produtos "Passione Plus" e "Passione" não têm linha equivalente. | E12: Todos TR, exceto ZR (Manga com Maracujá Zero, Sorbet Zeríssimo, Picolé Chocolate Zero) e PT (Chocolate Crocante Proteico), inferidos pelo nome.
A13: 9 | B13: PF | C13: Classes do picolé | D13: Estrutura Base: "Base Água"; aba Classes: "Base Frutas". Sabor 202 não existe (lacuna entre 201 e 203). | E13: Usado "Base Frutas"; código 202 não reutilizado (novos começam em 204).
A14: 10 | B14: PF | C14: Sabores novos | D14: O modelo define 12 sabores de picolé e 2 de gelato (referência). O sistema tem 24 sabores de picolé e cerca de 36 de gelato. | E14: Códigos novos atribuídos em sequência dentro da classe, em ordem alfabética (aba Dicionário). Classes marcadas "a validar": Algodão Doce, Chocolate Zero, Romeu e Julieta, Brigadeiro, Torta de Limão, Melancia c/ Frutas e os picolés "c/ Leite Condensado".
A15: 11 | B15: PF | C15: Chocolate Belga × Chocolate Intenso | D15: O modelo usa "Chocolate Belga Ao Leite" (101) como referência; o sistema não tem esse nome. Potes "Chocolate 240/360g" combinam com as embalagens "belga". | E15: Potes "Chocolate" → 101. "Chocolate Intenso" (granel) recebeu código próprio (106). Confirmar se são o mesmo produto. Mesma dúvida para pote "Morango" (assumido Creme de Morango) e pote "Coco" (assumido Coco Branco).
A16: 12 | B16: PF | C16: Sorbet 200 | D16: O modelo traz "Sorbet de Manga (sabor a confirmar)" como exemplo ilustrativo (comentário do arquivo). | E16: Usado 200 para Sorbet Manga e demais sorbets de 201 em diante. Confirmar.
... A36: 32 | B36: Geral | C36: Protheus | D36: O arquivo CARGA_SB1_PRODUTOS.csv traz 3 exemplos no padrão antigo (MP000001, PA000001). | E36: Os SKUs novos têm até 9 caracteres. Confirmar o tamanho do campo B1_COD no ambiente e o mapeamento de B1_TIPO na etapa de adequação.

Sheet Alertas de cadastro
A1: Alertas de qualidade do cadastro atual
A2: Observados durante a extração. Não afetam a regra do SKU, mas convém tratar na etapa de adequação.
A4: Tipo | B4: Códigos | C4: Descrição
A5: Registro vazio | B5: MP-00097 | C5: Sem nome, unidade e estoque.
A6: Provável duplicidade | B6: MP-00080 · MP-00123 | C6: "Sal refinado" e "Sal".
A7: Provável duplicidade | B7: MP-00085 · MP-00178 | C7: "Ácido cítrico" e "Acido citrico Anidro".
A8: Provável duplicidade | B8: MP-00093 · MP-00109 · MP-00110 | C8: "Cacao Miscela", "Cacau Micela" e "Cacau Micela - MEC" (grafias diferentes).
A9: Provável duplicidade | B9: MP-00098 · MP-00122 | C9: "Variegato Quello - MEC3" e "Variegato Quello".
A10: Provável duplicidade | B10: MP-00127 · MP-00128 · MP-00121 | C10: "Chocolate (Mocca)", "Crockolosi Meringa" e "Mescla Crockolosi Merengue c/ cho Branco" (pré-cadastros da planilha de gelato).
A11: Provável duplicidade | B11: MP-00115 · MP-00129 | C11: "Mescla de Morango com Pedaços (Variegato Fragola)" e "Mescla Morango".
A12: Provável duplicidade | B12: MP-00073 · MP-00142 | C12: "Ovo pasteurizado" e "Ovo".
A13: Provável duplicidade | B13: MP-00026 · MP-00161 · MP-00172 | C13: Três cadastros de coco seco: "ralado", "Coco Seco Freco" e "em escama".
A14: Provável duplicidade | B14: MP-00060 · MP-00061 · MP-00112 · MP-00125 | C14: Quatro cadastros de maracujá (com sementes, sem sementes, genérico e azedo).
A15: Provável duplicidade | B15: MP-00051 · MP-00052 | C15: "Leite em pó integral" e "Leite em pó Integral - Ninho" (marca).
... A22: Unidade inconsistente | B22: Vários | C22: Mesma unidade escrita de formas diferentes (Kg/kg, Un/unid/Pc, Cx/CX); gelatos em Kg, Cx ou Un.
